,Company Name,Speciality,Amount,% of Co Spend
0,AstraZeneca,Diabetes,475170.97,19.9882788
1,AstraZeneca,Pneumology,444114.96,18.681893887
2,GlaxoSmithKline plc,Pneumology,439736.05,32.1876656876
3,Janssen-Cilag Ltd,Nurse,343192.11,17.0920616037
4,Novo Nordisk Limited,Diabetes,333990.23,58.0002602794
5,AstraZeneca,Cardiology,332412.72,13.9830893373
6,AstraZeneca,Nurse,308429.89,12.974240896
7,Roche Products Limited,Oncology,282609.38,35.2706965441
8,Sanofi Aventis,Diabetes,267567.26,40.1695114595
9,AstraZeneca,General Medicine,261823.47,11.0137210502
10,AbbVie Limited,Rheumatology,257611.64,29.5135984635
11,Astellas Pharma Ltd,Urology,227135.81,22.3753513847
12,Lundbeck Ltd,Psychiatry,215845.21,47.1913969431
13,Alexion Pharma UK Ltd,Haematology,215012.62,58.2927526624
14,Janssen-Cilag Ltd,Haematology,213053.2,10.6107288401
15,Novartis Pharmaceuticals UK Ltd,Ophthalmology,207842.68,16.2893827331
16,Novartis Pharmaceuticals UK Ltd,Haematology,198292.26,15.5408817676
17,Gilead,Haematology,197069.83,20.3165634032
18,Celgene Ltd,Haematology,195109.05,40.7799230125
19,Janssen-Cilag Ltd,Diabetes,188007.51,9.3633736011
20,Leo Pharma Laboratories Ltd,Dermatology,184166.27,56.634165556
21,AstraZeneca,Oncology,173410.35,7.29458372131
22,Bayer Plc,Ophthalmology,167113.08,21.2618420686
23,Gilead,Venereology,164699.11,16.9793616342
24,AbbVie Limited,Gastroenterology,159097.41,18.2271929767
25,Teva UK Limited,Pneumology,158585.29,26.8905158764
26,Janssen-Cilag Ltd,General Medicine,152813.51,7.61060015861
27,GlaxoSmithKline plc,Miscellaneous,143962.18,10.5376998804
28,Pfizer Ltd,Nurse,143476.68,11.3193867919
29,Genzyme,Neurology,143368.95,51.0963302787
30,Biogen Idec Ltd,Neurology,143069.07,62.0191614315
31,Novartis Pharmaceuticals UK Ltd,Neurology,142474.3,11.1662263127
32,Pfizer Ltd,General Medicine,142014.86,11.2040586006
33,Pfizer Ltd,Cardiology,137002.94,10.8086503638
34,Janssen-Cilag Ltd,Oncology,136593.8,6.80280687189
35,Servier Laboratories Ltd,Cardiology,134748.0,65.5806958714
36,GlaxoSmithKline plc,Venereology,134197.86,9.82297415385
37,Pfizer Ltd,Rheumatology,134196.1,10.5872087496
38,Novartis Pharmaceuticals UK Ltd,Nurse,133436.71,10.4579176896
39,Jazz Pharma,Haematology,131151.52,69.6647425114
40,Gilead,Gastroenterology,126072.59,12.9972292975
41,Norgine,Gastroenterology,124936.0,55.3480294868
42,Bayer Plc,Cardiology,124175.6,15.7988949517
43,Janssen-Cilag Ltd,Psychiatry,122075.56,6.07975221758
44,GlaxoSmithKline plc,Nurse,121675.12,8.90633843883
45,Astellas Pharma Ltd,Oncology,118221.38,11.6460936683
46,Pfizer Ltd,Pneumology,116947.73,9.22642334839
47,Roche Products Limited,Haematology,116148.97,14.4958213162
48,Eli Lilly & Company Ltd,Diabetes,110209.0,18.7276119657
49,Eli Lilly & Company Ltd,Oncology,109049.0,18.5304953066
50,Boehringer Ingelheim Ltd,Oncology,108553.0,48.5879187856
51,Pierre Fabre Ltd,Oncology,102154.95,73.6629842728
52,Janssen-Cilag Ltd,Dermatology,101959.43,5.0779047882
53,Gilead,Infectious Diseases,101332.16,10.4466586967
54,UCB Pharma Ltd,Neurology,101126.01,32.7378105844
55,Astellas Pharma Ltd,Microbiology,99946.59,9.84582779329
56,Novartis Pharmaceuticals UK Ltd,Dermatology,99573.67,7.8039487403
57,Grunenthal Ltd,Anaesthesiology,98922.23,63.8241124022
58,Allergan Ltd,General Medicine,98840.53,35.3663496212
59,AbbVie Limited,Nurse,97663.39,11.1889279422
60,Pfizer Ltd,Oncology,97588.67,7.69911808828
61,Amgen Ltd,Oncology,96003.14,26.2563879224
62,Novartis Pharmaceuticals UK Ltd,Oncology,95985.15,7.5227034459
63,Pfizer Ltd,Geriatrics,94576.3,7.46146147963
64,Sanofi Aventis,Nurse,94446.05,14.1790579601
65,Takeda UK Ltd,Haematology,92473.91,24.7890054807
66,Astellas Pharma Ltd,Obstetrics Gynaecology,91640.0,9.02753819792
67,Janssen-Cilag Ltd,Pharmacist,91336.84,4.54886592809
68,Merck Serono Ltd,Oncology,91154.26,33.9139774865
69,Roche Products Limited,Rheumatology,89212.58,11.1340601543
70,Janssen-Cilag Ltd,Rheumatology,89210.33,4.44295894812
71,Amgen Ltd,Haematology,89198.64,24.3953905465
72,Teva UK Limited,Neurology,88281.17,14.9693972466
73,Actelion Pharmaceuticals UK Ltd,Cardiology,86327.48,27.8693743374
74,Ferring Pharma,Gastroenterology,85989.24,28.8076589183
75,Gilead,Hepatology,85520.68,8.8166023054
76,UCB Pharma Ltd,Rheumatology,84351.05,27.3072051147
77,Janssen-Cilag Ltd,Venereology,83550.86,4.16109929265
78,Mundipharma,Miscellaneous,83340.24,75.3103765363
79,Pfizer Ltd,Haematology,83333.2,6.57445323801
80,Actelion Pharmaceuticals UK Ltd,Pneumology,82418.37,26.6073839501
81,Takeda UK Ltd,Gastroenterology,79650.75,21.3515669262
82,Sanofi Aventis,Oncology,77822.7,11.6834168704
83,Tillotts Pharma UK Ltd,Gastroenterology,76943.36,90.6085842409
84,Daiichi Sankyo UK Ltd,General Medicine,75889.0,41.8658663739
85,Alimera Sciences Limited,Ophthalmology,73975.98,88.695866114
86,Janssen-Cilag Ltd,Healthcare Administration,72809.78,3.62615925265
87,AbbVie Limited,Dermatology,72759.34,8.33576442907
88,Roche Products Limited,Pneumology,70409.93,8.78741984685
89,Bristol-Myers Squibb Pharmaceuticals Ltd,Oncology,69173.0,25.3706216761
90,Daiichi Sankyo UK Ltd,Cardiology,68678.0,37.8877567345
91,Pfizer Ltd,Healthcare Administration,68671.27,5.41772130927
92,GlaxoSmithKline plc,Infectious Diseases,68399.04,5.00665213341
93,Bayer Plc,General Medicine,67811.9,8.6277262568
94,Novo Nordisk Limited,Nurse,67607.76,11.740665818
95,Alexion Pharma UK Ltd,Paediatrics,67595.63,18.3260654219
96,GlaxoSmithKline plc,General Medicine,66979.36,4.90273482842
97,Novartis Pharmaceuticals UK Ltd,Pneumology,66567.35,5.21712403668
98,AstraZeneca,Healthcare Administration,66388.72,2.79267111906
99,AbbVie Limited,Hepatology,66225.33,7.58718743349
100,Janssen-Cilag Ltd,Urology,66206.99,3.2973192527
101,Gilead,Nurse,66071.33,6.81150618071
102,Celgene Ltd,Oncology,65949.7,13.7842077992
103,Novo Nordisk Limited,Haematology,64537.44,11.2074784875
104,Eli Lilly & Company Ltd,Nurse,64479.0,10.956797466
105,Ferring Pharma,Obstetrics Gynaecology,64251.19,21.5250927513
106,Otsuka Pharmaceuticals UK Ltd,Psychiatry,62776.08,29.0773098057
107,Teva UK Limited,Nurse,61889.51,10.4942952227
108,Bayer Plc,Pneumology,61047.82,7.76713054102
109,Roche Products Limited,Nurse,60285.28,7.52382605614
110,Janssen-Cilag Ltd,Gastroenterology,59875.18,2.98197492097
111,Astellas Pharma Ltd,Nurse,59419.4,5.85345813179
112,Chiesi Ltd,Pneumology,59318.67,28.1615141777
113,AstraZeneca,Miscellaneous,59023.43,2.48284690997
114,Biogen Idec Ltd,Nurse,58687.44,25.4404800098
115,Bayer Plc,Oncology,57839.42,7.35892494698
116,Bayer Plc,Haematology,57154.95,7.27183964497
117,Lundbeck Ltd,Miscellaneous,56714.99,12.399902716
118,GlaxoSmithKline plc,Nephrology,55984.39,4.09792835735
119,Bayer Plc,Nurse,55617.59,7.07624091911
120,Celgene Ltd,Rheumatology,54973.39,11.4900390932
121,Astellas Pharma Ltd,Pharmacist,54877.46,5.40602756825
122,Chiesi Ltd,Nurse,54705.81,25.9715607905
123,Novartis Pharmaceuticals UK Ltd,Miscellaneous,53787.02,4.21548333986
124,Flynn Pharma,Miscellaneous,53692.61,50.1453574978
125,Napp Pharmaceuticals Ltd,Nurse,53369.22,41.3266985603
126,Astellas Pharma Ltd,General Medicine,53361.96,5.25673431052
127,Lundbeck Ltd,Substance Abuse,52474.09,11.4726919834
128,Bausch & Lomb UK Ltd,Ophthalmology,52460.44,59.0437336396
129,Teva UK Limited,Healthcare Administration,52170.25,8.84624882864
130,Eli Lilly & Company Ltd,Urology,51723.0,8.78919392881
131,Gilead,Pharmacist,51567.26,5.31623489662
132,Astellas Pharma Ltd,Miscellaneous,51458.71,5.06924345418
133,Merck Serono Ltd,Obstetrics Gynaecology,51004.86,18.976377777
134,Almirall Ltd,Gastroenterology,51003.21,44.626642879
135,Pfizer Ltd,Pharmacist,50636.19,3.99486955146
136,Janssen-Cilag Ltd,Infectious Diseases,50035.3,2.49191751512
137,Otsuka Pharmaceuticals UK Ltd,Nephrology,49980.96,23.1507264918
138,Teva UK Limited,Pharmacist,49512.61,8.39560608231
139,Teva UK Limited,Miscellaneous,49495.91,8.39277434669
140,Eli Lilly & Company Ltd,General Medicine,49029.0,8.33140748092
141,Allergan Ltd,Miscellaneous,48392.92,17.3155782138
142,Ferring Pharma,Nurse,48175.2,16.1393998821
143,Novartis Pharmaceuticals UK Ltd,General Medicine,47177.46,3.6974682116
144,Eli Lilly & Company Ltd,Rheumatology,45601.0,7.74889376772
145,Gilead,HIV Medicine,45217.11,4.66157748359
146,Janssen-Cilag Ltd,Hepatology,45133.33,2.24778377551
147,Celgene Ltd,Nurse,44778.69,9.3592354163
148,Vifor Pharma UK Ltd,Gastroenterology,44503.29,53.5462181598
149,Lundbeck Ltd,General Medicine,44464.12,9.72142924389
150,Dermal,General Medicine,43705.29,72.3648195892
151,Bayer Plc,Miscellaneous,43241.45,5.50162130168
152,GlaxoSmithKline plc,Oncology,42659.01,3.12254124364
153,Allergan Ltd,Ophthalmology,42406.57,15.1735890212
154,Novo Nordisk Limited,General Medicine,42229.76,7.33355904314
155,Baxter Healthcare Ltd,Anaesthesiology,41924.71,20.7725746805
156,HRA Pharma UK & Ireland Ltd,Obstetrics Gynaecology,41497.28,81.5162465653
157,Leo Pharma Laboratories Ltd,General Medicine,41138.77,12.6508502939
158,Astellas Pharma Ltd,Geriatrics,40157.65,3.95596594624
159,Alexion Pharma UK Ltd,Nephrology,38924.05,10.552822524
160,Genzyme,Nurse,38708.42,13.7955827457
161,AstraZeneca,Pharmacist,38251.52,1.60906725064
162,Sanofi Aventis,Pharmacist,37458.17,5.62354448397
163,Celgene Ltd,Dermatology,37361.63,7.80898884507
164,Takeda UK Ltd,Diabetes,36818.93,9.86986121344
165,Actelion Pharmaceuticals UK Ltd,Rheumatology,36305.45,11.7206036425
166,Norgine,Nurse,36264.0,16.0653529912
167,GlaxoSmithKline plc,Healthcare Administration,35723.86,2.61490424255
168,Britannia Pharmaceuticals,Neurology,35696.17,36.7745089252
169,Novartis Pharmaceuticals UK Ltd,Healthcare Administration,35657.17,2.79458140796
170,UCB Pharma Ltd,Nurse,34860.7,11.2855534737
171,AstraZeneca,Pathology,34756.33,1.46204052429
172,Takeda UK Ltd,Oncology,34703.0,9.3026547401
173,Shire Pharmaceuticals Ltd,Nurse,33818.97,16.7223857509
174,Chugai Pharma UK,Rheumatology,33539.61,46.2985251526
175,Merck Serono Ltd,General Surgery,33451.49,12.4456397183
176,Astellas Pharma Ltd,Healthcare Administration,33148.54,3.26549226381
177,Bristol-Myers Squibb Pharmaceuticals Ltd,Nurse,33128.0,12.1503759398
178,Merz Pharma UK Ltd,Ophthalmology,33073.07,65.1211461833
179,Merck Serono Ltd,Nurse,32945.93,12.2575459259
180,GlaxoSmithKline plc,Dermatology,32897.26,2.40800363517
181,Sanofi Aventis,Cardiology,32109.25,4.82051834679
182,Pfizer Ltd,Urology,31951.26,2.52074881038
183,Eli Lilly & Company Ltd,Psychiatry,31950.0,5.42920453232
184,Allergan Ltd,Ear-Nose-Throat Diseases,31945.93,11.4306441837
185,Santen UK Limited,Ophthalmology,31853.27,83.8576288392
186,Amgen Ltd,Nephrology,31593.78,8.64074387165
187,Chiesi Ltd,Miscellaneous,31274.32,14.8474705532
188,AbbVie Limited,Paediatrics,31156.49,3.56948209091
189,Alcon UK Ltd,Ophthalmology,31140.45,76.8108942617
190,Celgene Ltd,Healthcare Administration,30828.45,6.4434828502
191,Otsuka Pharmaceuticals UK Ltd,Diabetes,30390.45,14.07658028
192,Sanofi Aventis,General Medicine,29894.4,4.4880059069
193,Sandoz Ltd,Paediatrics,29724.13,28.0282816232
194,Astellas Pharma Ltd,Nephrology,28757.08,2.83288561939
195,Janssen-Cilag Ltd,Nephrology,28718.45,1.43027040034
196,Pfizer Ltd,Obstetrics Gynaecology,28565.7,2.25364991217
197,A. Menarini Farmaceutica Internazionale S.r.l.,Cardiology,28334.81,40.0001665802
198,Takeda UK Ltd,Nurse,28278.23,7.58039968738
199,Ferring Pharma,Urology,27875.91,9.33883945617
200,Sobi Ltd,Haematology,27694.12,28.1871642394
201,Servier Laboratories Ltd,Nurse,27676.0,13.469671824
202,Janssen-Cilag Ltd,Geriatrics,27151.93,1.35225270831
203,AbbVie Limited,Pharmacist,26691.45,3.05793922087
204,Gedeon Richter (UK) Ltd,Obstetrics Gynaecology,26628.15,54.8081037651
205,Teva UK Limited,Oncology,26558.76,4.50343633661
206,Baxter Healthcare Ltd,Nurse,26412.08,13.0864806045
207,Gilead,Microbiology,26407.6,2.722444525
208,Lundbeck Ltd,Nurse,26207.12,5.7298033283
209,Amgen Ltd,Nurse,25872.08,7.07588698493
210,Leo Pharma Laboratories Ltd,Venereology,25246.81,7.76381048115
211,Takeda UK Ltd,Urology,25084.0,6.72413887851
212,Norgine,Miscellaneous,24953.0,11.0544549192
213,Sandoz Ltd,Nurse,24912.88,23.491527479
214,Boehringer Ingelheim Ltd,Pneumology,24847.98,11.1218633684
215,Napp Pharmaceuticals Ltd,General Medicine,24759.91,19.1729490697
216,Astellas Pharma Ltd,Anaesthesiology,24748.77,2.43802342347
217,Roche Products Limited,Plastic Surgery,24674.25,3.07943771789
218,Bristol-Myers Squibb Pharmaceuticals Ltd,Gastroenterology,24669.0,9.04786356134
219,GlaxoSmithKline plc,Cardiology,24560.03,1.79773760854
220,Astellas Pharma Ltd,Hepatology,24435.16,2.40712942244
221,Actelion Pharmaceuticals UK Ltd,Nurse,24419.38,7.88338594277
222,AbbVie Limited,Miscellaneous,24417.26,2.79739381038
223,Teva UK Limited,General Medicine,23956.46,4.06217731779
224,Baxter Healthcare Ltd,Nephrology,23917.49,11.8504778493
225,Allergan Ltd,Gastroenterology,23826.05,8.52525188191
226,Roche Products Limited,Healthcare Administration,23770.54,2.96665136532
227,Sanofi Aventis,Pathology,23589.62,3.54147779857
228,Napp Pharmaceuticals Ltd,Miscellaneous,23346.41,18.0783989074
229,Almirall Ltd,Dermatology,23286.75,20.3753739434
230,Servier Laboratories Ltd,Miscellaneous,23252.0,11.3165489685
231,Otsuka Pharmaceuticals UK Ltd,Oncology,22972.39,10.6406022964
232,Bristol-Myers Squibb Pharmaceuticals Ltd,Rheumatology,22708.0,8.32862644416
233,Vifor Pharma UK Ltd,Geriatrics,22582.04,27.1706393018
234,Takeda UK Ltd,General Medicine,22519.59,6.036710678
235,Genzyme,General Medicine,22369.6,7.97246872354
236,GlaxoSmithKline plc,HIV Medicine,22218.18,1.62631958427
237,GlaxoSmithKline plc,Tropical Medicine,22114.34,1.61871873553
238,Bayer Plc,Geriatrics,22049.39,2.80534981396
239,Novartis Pharmaceuticals UK Ltd,Cardiology,21979.46,1.72260979413
240,Bristol-Myers Squibb Pharmaceuticals Ltd,Cardiology,21932.0,8.0440124702
241,Orion Pharma (UK) Ltd,Anaesthesiology,21674.45,36.6545045597
242,Sanofi Pasteur MSD,Nurse,21597.41,24.2270259307
243,GlaxoSmithKline plc,Rheumatology,21117.04,1.54571867335
244,Britannia Pharmaceuticals,Nurse,20999.73,21.6341069171
245,ALK-Abello Ltd,Pneumology,20980.78,27.8196773806
246,Ferring Pharma,Fertility/Reproductive,20932.77,7.01278553428
247,Astellas Pharma Ltd,Neurology,20865.05,2.05543469966
248,Novartis Pharmaceuticals UK Ltd,Nephrology,20799.99,1.63017046332
249,Galen Ltd,Pharmacist,20608.36,31.2021852049
250,Baxalta UK Ltd,Haematology,20534.7,24.7249661028
251,Baxter Healthcare Ltd,Miscellaneous,20332.03,10.0739781284
252,Sigma-Tau Pharma Limited,Haematology,20306.15,28.4645875308
253,Orion Pharma (UK) Ltd,Nurse,20081.82,33.9611460848
254,Baxter Healthcare Ltd,Pharmacist,19972.25,9.89571674227
255,Shire Pharmaceuticals Ltd,Psychiatry,19965.83,9.87245652653
256,Roche Products Limited,Neurology,19668.31,2.45467787921
257,Norgine,Hepatology,19632.0,8.69719308194
258,Bayer Plc,Microbiology,19490.75,2.4798133593
259,Merck Serono Ltd,Neurology,19456.39,7.23875738148
260,Leo Pharma Laboratories Ltd,Healthcare Administration,19430.14,5.97508851939
261,Celgene Ltd,General Medicine,19417.56,4.05848217646
262,Novo Nordisk Limited,Paediatrics,19399.35,3.36886306301
263,Bayer Plc,Obstetrics Gynaecology,19051.63,2.42394400372
264,Baxter Healthcare Ltd,General Surgery,19044.45,9.43601660866
265,Actelion Pharmaceuticals UK Ltd,Paediatrics,18991.66,6.13113786975
266,Sanofi Pasteur MSD,Miscellaneous,18930.1,21.234954727
267,AstraZeneca,Neurology,18833.84,0.792253880312
268,Janssen-Cilag Ltd,Radiology,18595.25,0.926102754916
269,Shire Pharmaceuticals Ltd,Haematology,18443.32,9.11962462391
270,ALK-Abello Ltd,Ear-Nose-Throat Diseases,18364.35,24.3503955671
271,Bristol-Myers Squibb Pharmaceuticals Ltd,Haematology,18228.0,6.68549422336
272,AstraZeneca,Rheumatology,18218.6,0.766373535289
273,Leo Pharma Laboratories Ltd,Haematology,18060.26,5.55382782539
274,AstraZeneca,Nephrology,18007.22,0.757481741304
275,Novartis Pharmaceuticals UK Ltd,Pharmacist,17791.5,1.39438421837
276,Bristol-Myers Squibb Pharmaceuticals Ltd,General Medicine,17766.0,6.51604621309
277,Besins Healthcare (UK) Ltd,General Medicine,17727.55,37.0236978148
278,Shire Pharmaceuticals Ltd,Paediatrics,17718.77,8.76135810675
279,Amgen Ltd,Miscellaneous,17617.1,4.81819044322
280,Pfizer Ltd,Diabetes,17611.6,1.38944191087
281,Sunovion Pharmaceuticals Europe Ltd,Miscellaneous,17586.14,79.191412848
282,Chugai Pharma UK,Oncology,17565.18,24.2472088387
283,Almirall Ltd,Client Specific Specialty,17465.64,15.2820357568
284,GlaxoSmithKline plc,Paediatrics,17403.56,1.27390049338
285,AstraZeneca,Paediatrics,17279.97,0.726889645669
286,AbbVie Limited,Venereology,17249.16,1.97617150402
287,Boehringer Ingelheim Ltd,Cardiology,17191.8,7.69498569527
288,Lundbeck Ltd,Pharmacist,17145.29,3.7485667905
289,Ferring Pharma,Miscellaneous,17123.94,5.73677151767
290,Pharma Mar SA,Oncology,16977.92,76.6777226185
291,Novartis Pharmaceuticals UK Ltd,Microbiology,16868.37,1.32203518071
292,UCB Pharma Ltd,Geriatrics,16684.71,5.4013885808
293,GlaxoSmithKline plc,Obstetrics Gynaecology,16681.98,1.22108249994
294,Jazz Pharma,Nurse,16660.37,8.84961444743
295,Bayer Plc,Healthcare Administration,16576.47,2.10902873189
296,GlaxoSmithKline plc,Pharmacist,16557.93,1.21200232575
297,Galen Ltd,Miscellaneous,16439.81,24.8907723057
298,Takeda UK Ltd,Miscellaneous,16419.07,4.40137565523
299,Orphan Europe UK Ltd,Paediatrics,16401.26,68.4828824736
300,Chiesi Ltd,Paediatrics,16384.38,7.77847766417
301,Sobi Ltd,Urology,16327.93,16.6186195698
302,Janssen-Cilag Ltd,Child & Adolescent Psychiatry,16123.74,0.803013674651
303,Lundbeck Ltd,Healthcare Administration,15879.72,3.47186842768
304,Amgen Ltd,Diabetes,15748.17,4.30704725478
305,Roche Products Limited,Laboratory - Medical Analysis,15689.02,1.9580477601
306,Celgene Ltd,Pharmacist,15683.9,3.2781064463
307,Gilead,Pneumology,15648.02,1.61320477348
308,Takeda UK Ltd,Healthcare Administration,15646.04,4.19415347866
309,Shire Pharmaceuticals Ltd,Gastroenterology,15634.57,7.73078868427
310,Grunenthal Ltd,General Medicine,15444.96,9.96500850302
311,Stirling Anglian Pharmaceuticals Ltd,Healthcare Administration,15426.03,34.9996040828
312,Genzyme,Haematology,15384.69,5.48306450926
313,Flynn Pharma,Paediatrics,15363.51,14.3485053413
314,Actelion Pharmaceuticals UK Ltd,General Medicine,15314.93,4.94416745538
315,Astellas Pharma Ltd,Transplant Surgery,15205.92,1.49794875201
316,Eli Lilly & Company Ltd,Geriatrics,15117.0,2.56880390971
317,Pfizer Ltd,Paediatrics,15116.15,1.19256696387
318,Sobi Ltd,Nurse,15067.87,15.3361264568
319,Genzyme,Diabetes,15033.49,5.3578977197
320,Boehringer Ingelheim Ltd,Nurse,14936.51,6.68552628505
321,Sanofi Aventis,Miscellaneous,14899.09,2.23678026411
322,Shire Pharmaceuticals Ltd,Child & Adolescent Psychiatry,14724.68,7.28087753763
323,AbbVie Limited,Psychology,14571.42,1.66939288505
324,Eli Lilly & Company Ltd,Paediatrics,14402.0,2.44730527933
325,BioMarin Europe Ltd,Orthopaedic Surgery,14300.0,17.0536534173
326,Baxalta UK Ltd,Healthcare Administration,14278.0,17.1915375445
327,Teva UK Limited,Client Specific Specialty,14232.32,2.41330344648
328,Boehringer Ingelheim Ltd,Diabetes,14075.0,6.29991761543
329,Bausch & Lomb UK Ltd,Miscellaneous,14054.09,15.8177466012
330,Gilead,Healthcare Administration,14053.22,1.44879170571
331,Merck Serono Ltd,Diabetes,14036.92,5.22244148392
332,Grunenthal Ltd,Nurse,13970.52,9.01370742246
333,Britannia Pharmaceuticals,Geriatrics,13845.49,14.2637458186
334,Novartis Pharmaceuticals UK Ltd,Transplant Surgery,13806.44,1.08206064963
335,Teva UK Limited,Geriatrics,13690.13,2.32136699511
336,GlaxoSmithKline plc,Metabolism Disease,13655.13,0.999524053941
337,Gilead,Tropical Medicine,13654.15,1.40765029427
338,Janssen-Cilag Ltd,Psychology,13623.79,0.678508191683
339,Sandoz Ltd,Diabetes,13597.63,12.8218455191
340,Novo Nordisk Limited,Healthcare Administration,13422.92,2.33100487314
341,BioMarin Europe Ltd,Miscellaneous,13347.0,15.9171407105
342,Roche Products Limited,General Surgery,13217.25,1.64956171624
343,GlaxoSmithKline plc,Biochemistry,13194.4,0.965799679485
344,Jazz Pharma,Pharmacist,13192.48,7.0075491484
345,Gilead,Biochemistry,13128.19,1.35342738411
346,Pfizer Ltd,Microbiology,13078.43,1.03180396843
347,Amgen Ltd,Pharmacist,13075.73,3.57614802233
348,Otsuka Pharmaceuticals UK Ltd,Pharmacist,13053.65,6.04633206064
349,Jazz Pharma,Miscellaneous,13030.84,6.92168960991
350,Baxalta UK Ltd,Miscellaneous,12994.49,15.6461172928
351,Novartis Pharmaceuticals UK Ltd,Diabetes,12985.08,1.01768769504
352,AbbVie Limited,Haematology,12894.61,1.47728705847
353,Amgen Ltd,Cardiology,12867.03,3.51906959594
354,Orion Pharma (UK) Ltd,Miscellaneous,12839.1,21.7127008756
355,Astellas Pharma Ltd,Infectious Diseases,12609.64,1.24218689177
356,Otsuka Pharmaceuticals UK Ltd,Healthcare Administration,12542.94,5.80977582949
357,AbbVie Limited,Biochemistry,12537.86,1.43641555029
358,Stirling Anglian Pharmaceuticals Ltd,Miscellaneous,12475.83,28.3059938691
359,Pfizer Ltd,Miscellaneous,12464.76,0.983389354339
360,Bristol-Myers Squibb Pharmaceuticals Ltd,Infectious Diseases,12450.0,4.56629378324
361,Janssen-Cilag Ltd,Geriatric Psychiatry,12311.32,0.613142999887
362,A. Menarini Farmaceutica Internazionale S.r.l.,Urology,12226.67,17.2603534918
363,Roche Products Limited,Pathology,12193.77,1.5218276244
364,Eli Lilly & Company Ltd,Cardiology,12184.0,2.07040463292
365,Boehringer Ingelheim Ltd,General Medicine,12148.28,5.43752491433
366,Sigma-Tau Pharma Limited,Miscellaneous,12075.49,16.9270808145
367,ALK-Abello Ltd,Paediatrics,11991.96,15.9008606144
368,Novartis Pharmaceuticals UK Ltd,Rheumatology,11944.16,0.936107028956
369,Biotest UK,Immunology,11935.04,42.7697351116
370,Genzyme,Nephrology,11923.23,4.24940894153
371,Amgen Ltd,Pathology,11835.16,3.23685821197
372,Boehringer Ingelheim Ltd,Geriatrics,11758.59,5.26310112068
373,Sanofi Pasteur MSD,Healthcare Administration,11744.18,13.174105293
374,Britannia Pharmaceuticals,Psychiatry,11715.05,12.068947755
375,Sanofi Aventis,Healthcare Administration,11702.9,1.75694057509
376,Actelion Pharmaceuticals UK Ltd,Miscellaneous,11666.82,3.76643652643
377,RB,Miscellaneous,11649.0,34.9830325235
378,Flynn Pharma,Child & Adolescent Psychiatry,11631.78,10.8633155743
379,Baxalta UK Ltd,Nurse,11613.31,13.9830967139
380,Novartis Pharmaceuticals UK Ltd,Paediatrics,11565.59,0.906437128523
381,Aegerion Pharmaceuticals Limited,Miscellaneous,11537.98,69.5478837226
382,CEB Pharma Limited,Healthcare Administration,11450.51,88.4632113728
383,Eli Lilly & Company Ltd,Dermatology,11380.0,1.9337823968
384,Astellas Pharma Ltd,General Surgery,11373.72,1.12043530939
385,Janssen-Cilag Ltd,Paediatrics,11326.13,0.564077395869
386,Novo Nordisk Limited,Miscellaneous,11161.69,1.93832294184
387,Janssen-Cilag Ltd,HIV Medicine,11061.0,0.550873076303
388,Novartis Pharmaceuticals UK Ltd,Immunology,11014.78,0.863268156187
389,Allergan Ltd,Nurse,10998.9,3.93554084391
390,Daiichi Sankyo UK Ltd,Healthcare Administration,10789.0,5.9519934682
391,Alexion Pharma UK Ltd,Nurse,10590.95,2.87134601127
392,Boehringer Ingelheim Ltd,Haematology,10580.82,4.73593565213
393,Gedeon Richter (UK) Ltd,Healthcare Administration,10546.2,21.7069989439
394,AstraZeneca,Genetics,10544.45,0.443556992534
395,Pierre Fabre Ltd,Nurse,10398.2,7.49804530339
396,Biogen Idec Ltd,Healthcare Administration,10386.92,4.50263686104
397,Servier Laboratories Ltd,General Medicine,10319.0,5.02216879432
398,AstraZeneca,Urology,10263.41,0.431734919578
399,AstraZeneca,Biochemistry,10257.07,0.43146822465
400,Shire Pharmaceuticals Ltd,Genetics,10213.48,5.05023519105
401,Pfizer Ltd,Pathology,10197.41,0.804510029542
402,Pierre Fabre Ltd,Miscellaneous,10185.67,7.34479189719
403,Bayer Plc,Radiology,10120.09,1.28758176978
404,Shire Pharmaceuticals Ltd,Miscellaneous,10084.71,4.98656259508
405,Otsuka Pharmaceuticals UK Ltd,Nurse,10083.6,4.67063188968
406,Roche Products Limited,Nephrology,9961.17,1.24319088168
407,Daiichi Sankyo UK Ltd,Haematology,9913.0,5.4687284503
408,Ipsen Developments Ltd,Paediatrics,9893.15,17.0968404764
409,Chiesi Ltd,Nephrology,9859.01,4.68056094133
410,Leo Pharma Laboratories Ltd,Nurse,9839.54,3.02582083763
411,Sanofi Aventis,Urology,9834.43,1.4764296969
412,Bayer Plc,Nephrology,9824.87,1.25002084986
413,Baxter Healthcare Ltd,Haematology,9808.98,4.86008775229
414,GlaxoSmithKline plc,Neurology,9805.08,0.717709264637
415,BioMarin Europe Ltd,Pneumology,9789.0,11.6740009302
416,Merck Sharp & Dohme Ltd,Oncology,9757.72,28.9975613772
417,A. Menarini Farmaceutica Internazionale S.r.l.,General Medicine,9733.9,13.741317534
418,Consilient Health Ltd,Rheumatology,9687.0,20.619851423
419,Napp Pharmaceuticals Ltd,Gastroenterology,9653.78,7.47544850809
420,Teva UK Limited,Hospice & Palliative Medicine,9609.62,1.62945528666
421,Sanofi Aventis,Public Health,9608.41,1.44249761949
422,Bristol-Myers Squibb Pharmaceuticals Ltd,Public Health,9600.0,3.52099761599
423,Sigma-Tau Pharma Limited,Healthcare Administration,9546.0,13.381313177
424,Alexion Pharma UK Ltd,Biochemistry,9461.66,2.56518062129
425,Alimera Sciences Limited,Miscellaneous,9428.11,11.304133886
426,Novartis Pharmaceuticals UK Ltd,Allergy,9402.08,0.736875023008
427,Eli Lilly & Company Ltd,Metabolism Disease,9291.0,1.57880248231
428,AstraZeneca,Geriatrics,9247.83,0.389014093885
429,Amgen Ltd,General Medicine,9246.15,2.52877667531
430,Novartis Pharmaceuticals UK Ltd,Gastroenterology,9185.99,0.71993926797
431,Merck Serono Ltd,Fertility/Reproductive,9168.17,3.41102117413
432,Pfizer Ltd,Physical Therapy,9105.5,0.718365356889
433,Bristol-Myers Squibb Pharmaceuticals Ltd,Geriatrics,9037.0,3.31450577664
434,Ipsen Developments Ltd,Nurse,9026.97,15.5999520957
435,Alcon UK Ltd,Miscellaneous,8951.26,22.0791377571
436,Sobi Ltd,Miscellaneous,8937.18,9.09629049406
437,Novartis Pharmaceuticals UK Ltd,Psychology,8892.26,0.696918585259
438,Takeda UK Ltd,Pharmacist,8819.85,2.36429183095
439,AstraZeneca,Laboratory - Medical Analysis,8810.1,0.370600786188
440,Astellas Pharma Ltd,Diabetes,8764.25,0.863374090475
441,Lundbeck Ltd,Psychology,8704.43,1.90309625724
442,Roche Products Limited,Pharmacist,8687.77,1.08426584891
443,Astellas Pharma Ltd,Gastroenterology,8667.24,0.853817548784
444,RB,General Medicine,8450.0,25.3761374215
445,Syner-med,Urology,8448.98,76.0526690058
446,AbbVie Limited,Infectious Diseases,8446.37,0.96766890135
447,Eli Lilly & Company Ltd,Pharmacist,8388.0,1.42535735891
448,Chiesi Ltd,General Medicine,8356.6,3.96729241194
449,Shire Pharmaceuticals Ltd,Healthcare Administration,8350.34,4.12897278158
450,Sandoz Ltd,Miscellaneous,8347.06,7.87083586318
451,Grunenthal Ltd,Dermatology,8346.34,5.38501550468
452,Gilead,Client Specific Specialty,8296.59,0.855322180798
453,Leo Pharma Laboratories Ltd,Pharmacist,8275.55,2.54486811709
454,Bausch & Lomb UK Ltd,Healthcare Administration,8234.46,9.26780756901
455,Genzyme,Paediatrics,8164.55,2.90982491939
456,Ipsen Developments Ltd,Urology,8141.26,14.0693129587
457,ALK-Abello Ltd,Allergy,8105.76,10.7479144305
458,Amgen Ltd,Rheumatology,8098.46,2.2148890894
459,Sanofi Aventis,General Surgery,8000.0,1.20102919795
460,Eli Lilly & Company Ltd,Pathology,7929.0,1.34736033605
461,Almirall Ltd,Nurse,7894.18,6.90722704869
462,Bayer Plc,Family Planning,7851.7,0.998973900606
463,Biotest UK,Miscellaneous,7849.85,28.1302790075
464,Sanofi Pasteur MSD,Venereology,7823.5,8.77605867412
465,Shire Pharmaceuticals Ltd,Immunology,7792.45,3.85311423868
466,Sobi Ltd,Healthcare Administration,7748.97,7.88692654168
467,Besins Healthcare (UK) Ltd,Diabetes,7727.61,16.1389869142
468,Consilient Health Ltd,General Medicine,7686.0,16.3605015007
469,GlaxoSmithKline plc,Physical Therapy,7678.15,0.562022889183
470,CSL Behring,Nurse,7662.89,43.2537467269
471,Profile Pharma Ltd,Neurology,7564.9,24.819014011
472,BioMarin Europe Ltd,Genetics,7549.0,9.00265941588
473,Sanofi Aventis,Biochemistry,7541.8,1.13224025064
474,Teva UK Limited,Cardiology,7534.88,1.27765198315
475,Sanofi Aventis,Nephrology,7444.54,1.11763873816
476,Astellas Pharma Ltd,Haematology,7442.65,0.733182094814
477,Sigma-Tau Pharma Limited,Nurse,7421.41,10.4031229232
478,Napp Pharmaceuticals Ltd,Pneumology,7413.4,5.74060005199
479,Vifor Pharma UK Ltd,Nurse,7355.79,8.85046332704
480,UCB Pharma Ltd,Metabolism Disease,7344.72,2.3777270769
481,GlaxoSmithKline plc,Urology,7334.09,0.536838489913
482,Grunenthal Ltd,Miscellaneous,7307.97,4.71506453819
483,Novartis Pharmaceuticals UK Ltd,General Surgery,7302.43,0.572317856715
484,Shire Pharmaceuticals Ltd,Nephrology,7265.42,3.59251496667
485,AbbVie Limited,HIV Medicine,7253.88,0.831049798922
486,Bristol-Myers Squibb Pharmaceuticals Ltd,Healthcare Administration,7226.0,2.6502842472
487,Britannia Pharmaceuticals,Haematology,7200.0,7.41750345378
488,Dermal,Nurse,7194.99,11.9130694087
489,Roche Products Limited,Mastology,7143.16,0.891492804399
490,Almirall Ltd,General Medicine,7125.86,6.23496461155
491,Bristol-Myers Squibb Pharmaceuticals Ltd,Hepatology,7092.0,2.60113698881
492,Actelion Pharmaceuticals UK Ltd,Pharmacist,7091.14,2.28925523065
493,Stirling Anglian Pharmaceuticals Ltd,Pharmacist,7052.62,16.0014538897
494,Actelion Pharmaceuticals UK Ltd,Metabolism Disease,7014.32,2.26445518625
495,Ferring Pharma,Cardiology,7005.92,2.34708614437
496,AbbVie Limited,Physical Therapy,6946.38,0.795820678346
497,Gilead,Oncology,6822.41,0.703344217263
498,CSL Behring,Immunology,6807.24,38.4239673111
499,Pfizer Ltd,Anaesthesiology,6806.22,0.536966960558
500,Baxalta UK Ltd,Immunology,6762.83,8.14283834235
501,Sigma-Tau Pharma Limited,Immunology,6762.83,9.47994408052
502,Bristol-Myers Squibb Pharmaceuticals Ltd,Venereology,6699.0,2.45699614891
503,Flynn Pharma,Psychiatry,6694.55,6.25226829236
504,Merck Serono Ltd,Paediatrics,6667.01,2.48046363431
505,Bausch & Lomb UK Ltd,General Medicine,6664.8,7.50116994751
506,Baxter Healthcare Ltd,Cardiothoracic/ Thoracic Surgery,6644.95,3.29239534687
507,Leo Pharma Laboratories Ltd,Oncology,6628.76,2.0384530309
508,Chiesi Ltd,Neonatology,6577.69,3.12275562132
509,Ferring Pharma,Paediatrics,6560.01,2.19769974221
510,Genzyme,Miscellaneous,6557.89,2.33721536896
511,Consilient Health Ltd,Family Planning,6510.0,13.8572553694
512,AstraZeneca,Dietetics,6500.0,0.273425399283
513,Celgene Ltd,Miscellaneous,6487.32,1.35592075384
514,Dermal,Dermatology,6482.89,10.7340133258
515,Chugai Pharma UK,Haematology,6470.46,8.93190931733
516,AbbVie Limited,Anaesthesiology,6454.0,0.73941055025
517,Consilient Health Ltd,Obstetrics Gynaecology,6440.0,13.7082526235
518,Sanofi Pasteur MSD,Anaesthesiology,6429.32,7.21212878567
519,Janssen-Cilag Ltd,Client Specific Specialty,6392.61,0.318372365637
520,Sandoz Ltd,Nephrology,6368.2,6.00487560218
521,Gedeon Richter (UK) Ltd,General Medicine,6304.75,12.9769207479
522,Roche Products Limited,General Medicine,6303.61,0.786713857276
523,Biogen Idec Ltd,Paediatrics,6279.14,2.7219509941
524,Napp Pharmaceuticals Ltd,Pharmacist,6253.99,4.84280563832
525,Pfizer Ltd,General Surgery,6250.85,0.493151841317
526,Eli Lilly & Company Ltd,Dietetics,6243.0,1.06086146777
527,Alliance Pharmaceuticals Ltd,Obstetrics Gynaecology,6204.2,25.5254896959
528,Pfizer Ltd,Substance Abuse,6146.35,0.484907463765
529,Teva UK Limited,Haematology,6095.86,1.03364454617
530,Flynn Pharma,Nurse,6055.2,5.65515754814
531,Baxter Healthcare Ltd,Mastology,6034.78,2.99007239955
532,Actelion Pharmaceuticals UK Ltd,Neurology,6022.81,1.94436286629
533,Teva UK Limited,Psychology,6005.75,1.01836504335
534,AbbVie Limited,Nephrology,5959.41,0.682747230751
535,Novo Nordisk Limited,Geriatrics,5946.57,1.03267274546
536,Besins Healthcare (UK) Ltd,Urology,5928.15,12.3808441776
537,Sanofi Pasteur MSD,Virology,5902.2,6.62082872198
538,Allergan Ltd,Urology,5891.41,2.10801850032
539,GlaxoSmithKline plc,Haematology,5786.5,0.423558467633
540,AbbVie Limited,Healthcare Administration,5758.17,0.65969191945
541,Profile Pharma Ltd,Miscellaneous,5710.39,18.7347155175
542,Eli Lilly & Company Ltd,Child & Adolescent Psychiatry,5696.0,0.967910767328
543,Boehringer Ingelheim Ltd,Accident & Emergency,5668.64,2.53726216636
544,Shire Pharmaceuticals Ltd,Psychology,5650.21,2.79384591528
545,Daiichi Sankyo UK Ltd,Neurology,5648.0,3.1158456862
546,UCB Pharma Ltd,Nephrology,5634.58,1.82409859504
547,Tillotts Pharma UK Ltd,Nurse,5625.96,6.62513660173
548,Amgen Ltd,Metabolism Disease,5611.48,1.53471225731
549,Bayer Plc,Hepatology,5539.8,0.704830242441
550,BioMarin Europe Ltd,Metabolism Disease,5538.0,6.60441486888
551,Leo Pharma Laboratories Ltd,Hospice & Palliative Medicine,5515.41,1.69607954295
552,Alexion Pharma UK Ltd,Diabetes,5500.81,1.49134202808
553,Ipsen Developments Ltd,Neurology,5443.6,9.40735365556
554,Alliance Pharmaceuticals Ltd,Healthcare Administration,5437.85,22.3725515204
555,GlaxoSmithKline plc,Geriatrics,5377.72,0.393636713481
556,Alexion Pharma UK Ltd,General Medicine,5364.86,1.45448419283
557,Eli Lilly & Company Ltd,Radiology,5308.0,0.90197864343
558,Otsuka Pharmaceuticals UK Ltd,Client Specific Specialty,5294.85,2.45252640536
559,Ipsen Developments Ltd,Diabetes,5284.31,9.13207674988
560,Galen Ltd,Healthcare Administration,5277.89,7.99101438791
561,Shire Pharmaceuticals Ltd,Diabetes,5249.99,2.5959500827
562,AstraZeneca,Microbiology,5213.86,0.219323346508
563,UCB Pharma Ltd,Neonatology,5196.07,1.68213850664
564,UCB Pharma Ltd,Pneumology,5170.98,1.67401604964
565,Besins Healthcare (UK) Ltd,Obstetrics Gynaecology,5167.0,10.7911948695
566,Pfizer Ltd,Psychology,5147.08,0.406071490982
567,Orphan Europe UK Ltd,Nephrology,5142.19,21.4710329223
568,Alliance Pharmaceuticals Ltd,General Medicine,5097.5,20.9722742215
569,Besins Healthcare (UK) Ltd,Miscellaneous,5043.48,10.5332253727
570,Bayer Plc,Pharmacist,5027.65,0.639669260336
571,Chugai Pharma UK,Nurse,5023.68,6.9347549014
572,UCB Pharma Ltd,Neurosurgery,5015.76,1.62376623795
573,Novex Pharma,Pharmacist,5000.0,33.3333333333
574,Novex Pharma,Miscellaneous,5000.0,33.3333333333
575,Novex Pharma,Healthcare Administration,5000.0,33.3333333333
576,UCB Pharma Ltd,Neurophysiology,4989.11,1.61513875772
577,AbbVie Limited,Neurology,4973.01,0.569739085915
578,AstraZeneca,Physical Therapy,4963.34,0.208785110966
579,Eli Lilly & Company Ltd,Healthcare Administration,4957.0,0.842333861243
580,Janssen-Cilag Ltd,Dietetics,4914.98,0.244781679104
581,BioMarin Europe Ltd,Obstetrics Gynaecology,4899.0,5.84236699939
582,Galen Ltd,Accident & Emergency,4882.32,7.39209975319
583,Profile Pharma Ltd,Microbiology,4875.0,15.9939580568
584,ALK-Abello Ltd,Healthcare Administration,4801.0,6.36593449359
585,UCB Pharma Ltd,General Medicine,4796.4,1.5527522018
586,BioMarin Europe Ltd,Paediatrics,4786.0,5.7076073605
587,Galen Ltd,Ophthalmology,4783.31,7.24219319308
588,Merck Sharp & Dohme Ltd,Healthcare Administration,4773.6,14.1859736691
589,Merz Pharma UK Ltd,General Medicine,4767.78,9.38779793802
590,Shire Pharmaceuticals Ltd,Metabolism Disease,4727.52,2.33760558305
591,Merz Pharma UK Ltd,Physical Medicine & Rehabilitation,4700.49,9.25530337592
592,Roche Products Limited,Cardiology,4695.6,0.586028258129
593,BioMarin Europe Ltd,Anaesthesiology,4674.0,5.57404028478
594,Actelion Pharmaceuticals UK Ltd,Healthcare Administration,4671.52,1.50812162714
595,Bayer Plc,Diabetes,4653.28,0.59203806465
596,Sigma-Tau Pharma Limited,Physical Therapy,4648.41,6.51600984548
597,Baxalta UK Ltd,Physical Therapy,4648.41,5.59695440799
598,Shire Pharmaceuticals Ltd,Cardiology,4610.59,2.27978748375
599,Jazz Pharma,Venereology,4600.0,2.44341671033
600,RB,Ear-Nose-Throat Diseases,4600.0,13.8142286555
601,UCB Pharma Ltd,Pharmacist,4597.19,1.48826138241
602,Biotest UK,Nurse,4591.91,16.4553092706
603,Gilead,Nephrology,4589.0,0.473094788061
604,Sanofi Aventis,Immunology,4586.68,0.688592075207
605,Consilient Health Ltd,Healthcare Administration,4575.0,9.7383937504
606,Ipsen Developments Ltd,Oncology,4561.72,7.88333333045
607,Gilead,Laboratory - Medical Analysis,4488.8,0.462764847385
608,Sanofi Pasteur MSD,Paediatrics,4469.47,5.01365513673
609,Lundbeck Ltd,Clinical Pharmacology,4439.63,0.970660139322
610,Mundipharma,Healthcare Administration,4433.8,4.00660170269
611,Genzyme,Cardiology,4430.2,1.57891204756
612,RB,Gastroenterology,4400.0,13.2136100183
613,Lundbeck Ltd,Geriatric Psychiatry,4366.23,0.954612303303
614,Roche Products Limited,Psychology,4359.14,0.544036804911
615,Bayer Plc,Neurology,4343.89,0.552674291823
616,Flynn Pharma,Geriatric Psychiatry,4293.9,4.01021948011
617,Biogen Idec Ltd,Pharmacist,4281.72,1.85608730024
618,Novartis Pharmaceuticals UK Ltd,Hepatology,4270.77,0.334715695039
619,Novartis Pharmaceuticals UK Ltd,Geriatric Psychiatry,4263.2,0.334122406753
620,Norgine,General Medicine,4249.0,1.88235398356
621,Sobi Ltd,Rheumatology,4238.47,4.3139283723
622,AstraZeneca,Haematology,4207.36,0.176984475066
623,A. Menarini Farmaceutica Internazionale S.r.l.,Rheumatology,4200.0,5.92912744561
624,Allergan Ltd,Neurology,4183.28,1.49682871028
625,Besins Healthcare (UK) Ltd,Nurse,4169.84,8.70864254204
626,UCB Pharma Ltd,Speech And Language,4166.23,1.34874547697
627,Roche Products Limited,Dermatology,4162.6,0.519507885528
628,BioMarin Europe Ltd,Neurology,4131.0,4.9264784802
629,Ferring Pharma,Diabetes,4125.35,1.38205286753
630,Shire Pharmaceuticals Ltd,Pharmacist,4123.37,2.03887296786
631,Sanofi Aventis,Neurology,4122.73,0.618939888158
632,Gilead,Paediatrics,4096.04,0.422273954171
633,GlaxoSmithKline plc,Clinical Pharmacology,4094.08,0.299677223048
634,AstraZeneca,Clinical Pharmacology,4080.0,0.171627019858
635,Pfizer Ltd,Neurology,4053.57,0.319800588625
636,AstraZeneca,Gastroenterology,4044.2,0.170121076889
637,Sandoz Ltd,Transplant Surgery,4029.86,3.79994472444
638,Teva UK Limited,Public Health,4019.64,0.681590286448
639,UCB Pharma Ltd,Miscellaneous,4015.03,1.29979707131
640,AbbVie Limited,Tropical Medicine,4011.56,0.459589368912
641,UCB Pharma Ltd,Clinical Pharmacology,4010.39,1.29829495092
642,Servier Laboratories Ltd,Healthcare Administration,3999.0,1.94627900073
643,Bausch & Lomb UK Ltd,Pneumology,3981.58,4.48123098062
644,Galen Ltd,Anaesthesiology,3975.0,6.01836760371
645,Bayer Plc,Venereology,3947.85,0.502286016214
646,BGP Products Ltd,Diabetes,3900.33,63.3399753482
647,UCB Pharma Ltd,Psychiatry,3862.7,1.25048284753
648,Takeda UK Ltd,Microbiology,3855.0,1.03339002458
649,Bayer Plc,Nuclear Medicine,3843.1,0.48895864557
650,Bristol-Myers Squibb Pharmaceuticals Ltd,Pathology,3829.0,1.40436456996
651,Mundipharma,Gastroenterology,3828.74,3.45983946122
652,Sanofi Aventis,Psychiatry,3816.65,0.572988511045
653,Chugai Pharma UK,Pharmacist,3814.44,5.26550387089
654,Daiichi Sankyo UK Ltd,Pharmacist,3807.0,2.10021680725
655,Actavis,Miscellaneous,3806.18,35.2887729341
656,Baxter Healthcare Ltd,Healthcare Administration,3799.56,1.88258055578
657,Janssen-Cilag Ltd,Biochemistry,3783.57,0.188433852754
658,Pierre Fabre Ltd,Pharmacist,3779.2,2.72514596859
659,GlaxoSmithKline plc,Ear-Nose-Throat Diseases,3745.6,0.274169289962
660,Janssen-Cilag Ltd,Forensic Psychiatry,3741.1,0.186318711306
661,Actavis,Pneumology,3736.97,34.6470965092
662,Baxter Healthcare Ltd,Urology,3726.52,1.84639118549
663,Pierre Fabre Ltd,Healthcare Administration,3723.89,2.68526244204
664,GlaxoSmithKline plc,Diabetes,3721.12,0.272377410365
665,Sandoz Ltd,Pneumology,3720.58,3.50831005118
666,Chiesi Ltd,Ophthalmology,3719.55,1.76585483221
667,ALK-Abello Ltd,Miscellaneous,3719.21,4.93152410496
668,AstraZeneca,Hospice & Palliative Medicine,3688.63,0.15516386624
669,Almirall Ltd,Plastic Surgery,3683.97,3.22338953895
670,Jazz Pharma,Paediatrics,3661.23,1.94476316573
671,HRA Pharma UK & Ireland Ltd,Diabetes,3660.5,7.19059708377
672,Shionogi Limited,General Surgery,3646.16,32.3768406527
673,Alexion Pharma UK Ltd,Laboratory - Medical Analysis,3634.83,0.985450278035
674,Pharma Mar SA,Miscellaneous,3633.0,16.4077911943
675,Roche Products Limited,Geriatric Psychiatry,3628.5,0.452850228857
676,Leo Pharma Laboratories Ltd,Miscellaneous,3612.02,1.11075572455
677,Sanofi Aventis,Psychology,3611.15,0.542137073522
678,Bayer Plc,Rheumatology,3607.41,0.458971743544
679,Actelion Pharmaceuticals UK Ltd,Pathology,3600.0,1.16219942496
680,ALK-Abello Ltd,Nurse,3590.31,4.76060784663
681,Eli Lilly & Company Ltd,Pneumology,3573.0,0.607153295587
682,Gilead,Rheumatology,3566.4,0.367671660959
683,BioMarin Europe Ltd,Biochemistry,3550.0,4.23359927492
684,Gilead,Public Health,3520.48,0.362937620282
685,Britannia Pharmaceuticals,Substance Abuse,3519.6,3.62592293832
686,Astellas Pharma Ltd,Radiotherapy,3507.51,0.345527940906
687,Eli Lilly & Company Ltd,Nephrology,3500.0,0.594748540317
688,Norgine,Dietetics,3492.0,1.54699461299
689,Grunenthal Ltd,Hospice & Palliative Medicine,3476.17,2.24280694854
690,Chiesi Ltd,Transplant Surgery,3469.53,1.64715794007
691,Bausch & Lomb UK Ltd,Paediatrics,3454.77,3.88831126209
692,BioMarin Europe Ltd,Dietetics,3432.0,4.09287682015
693,Eli Lilly & Company Ltd,Neurology,3425.0,0.582003928739
694,Sanofi Pasteur MSD,Oncology,3411.0,3.82630998114
695,AstraZeneca,Obstetrics Gynaecology,3404.7,0.143220224144
696,Guerbet Laboratories Ltd,Radiology,3402.75,77.2869229459
697,Roche Products Limited,Paediatrics,3394.35,0.423627442282
698,Amgen Ltd,Psychology,3384.89,0.925750813094
699,Janssen-Cilag Ltd,Metabolism Disease,3369.3,0.167801885543
700,A. Menarini Farmaceutica Internazionale S.r.l.,Venereology,3366.91,4.75305678283
701,Amgen Ltd,Biochemistry,3351.5,0.916618811862
702,Consilient Health Ltd,Nurse,3345.0,7.12020264373
703,Sanofi Aventis,Dietetics,3314.09,0.49753985683
704,Eisai Ltd,Oncology,3312.0,100.0
705,Chugai Pharma UK,Hospice & Palliative Medicine,3302.12,4.55829050716
706,Meda Pharma,General Medicine,3285.0,25.9938595936
707,Amgen Ltd,Healthcare Administration,3278.81,0.896738453386
708,Stirling Anglian Pharmaceuticals Ltd,Nurse,3269.52,7.41810469322
709,HRA Pharma UK & Ireland Ltd,General Medicine,3268.8,6.42115113985
710,Sandoz Ltd,Healthcare Administration,3266.87,3.080485531
711,Mundipharma,General Medicine,3263.21,2.94879848939
712,AbbVie Limited,Occupational Therapist,3256.25,0.373056337814
713,Ferring Pharma,Healthcare Administration,3251.28,1.08922657402
714,Shire Pharmaceuticals Ltd,Client Specific Specialty,3247.42,1.60574405238
715,Profile Pharma Ltd,Healthcare Administration,3220.77,10.5667405724
716,Novo Nordisk Limited,Pathology,3214.93,0.558300093928
717,Allergan Ltd,Physical Medicine & Rehabilitation,3178.3,1.13723458384
718,Bayer Plc,Paediatrics,3178.17,0.404359423015
719,Pfizer Ltd,Infectious Diseases,3153.7,0.248806636211
720,Allergan Ltd,Colorectal Surgery,3123.93,1.11778033335
721,Merck Sharp & Dohme Ltd,Anaesthesiology,3122.58,9.27954534513
722,Galen Ltd,Psychiatry,3118.0,4.7208226889
723,Merz Pharma UK Ltd,Ear-Nose-Throat Diseases,3101.15,6.10618979388
724,Bayer Plc,Gastroenterology,3100.84,0.394520706338
725,A. Menarini Farmaceutica Internazionale S.r.l.,Healthcare Administration,3097.1,4.37216681233
726,AbbVie Limited,General Medicine,3091.24,0.354151761598
727,Genzyme,Biochemistry,3090.48,1.10143923632
728,Ipsen Developments Ltd,Gastroenterology,3083.96,5.32954338666
729,Merck Sharp & Dohme Ltd,Hepatology,3078.3,9.14795599662
730,AstraZeneca,Allergy,3070.0,0.129140919354
731,Shire Pharmaceuticals Ltd,Accident & Emergency,3067.46,1.51675965872
732,AstraZeneca,General Surgery,3056.8,0.128585655466
733,Biogen Idec Ltd,Rheumatology,3050.83,1.32250750124
734,Alliance Pharmaceuticals Ltd,Nurse,3043.54,12.5218156908
735,Novartis Pharmaceuticals UK Ltd,Infectious Diseases,3039.38,0.238207206004
736,Sanofi Aventis,Orthopaedic Surgery,3038.9,0.456225953707
737,AbbVie Limited,Public Health,3036.84,0.347919357828
738,AbbVie Limited,General Surgery,3028.84,0.347002827862
739,Ipsen Developments Ltd,Physical Therapy,3000.0,5.18444796949
740,Amdipharm Mercury Company Ltd,Urology,3000.0,34.3389691213
741,Flynn Pharma,Intensive Care Medicine,2999.7,2.80152201367
742,Profile Pharma Ltd,Paediatrics,2979.66,9.77570401302
743,Pfizer Ltd,Dermatology,2949.9,0.232728127647
744,UCB Pharma Ltd,Diabetes,2935.11,0.950191500925
745,Flynn Pharma,Speech And Language,2929.29,2.73576371618
746,Sobi Ltd,Client Specific Specialty,2922.9,2.97493700307
747,Alexion Pharma UK Ltd,Dermatology,2904.18,0.787361441515
748,Consilient Health Ltd,Geriatrics,2897.0,6.16658506992
749,Merck Serono Ltd,Oral & Maxillofacial Surgery,2895.35,1.07721608091
750,Shionogi Limited,Pathology,2880.0,25.5735626193
751,Shionogi Limited,Miscellaneous,2860.47,25.4001418978
752,BioMarin Europe Ltd,Ophthalmology,2852.0,3.40119017805
753,Chiesi Ltd,General Surgery,2851.99,1.35398107914
754,Amgen Ltd,Dermatology,2828.0,0.773444129478
755,Consilient Health Ltd,Metabolism Disease,2825.0,6.01332510271
756,UCB Pharma Ltd,Paediatrics,2805.02,0.908077095552
757,Roche Products Limited,Anaesthesiology,2805.0,0.350074381134
758,Teva UK Limited,Transplant Surgery,2804.91,0.475614584978
759,Stirling Anglian Pharmaceuticals Ltd,Diabetes,2800.17,6.35321215922
760,Merck Sharp & Dohme Ltd,General Medicine,2796.86,8.31158503352
761,Genzyme,Pharmacist,2774.64,0.988874661106
762,Santen UK Limited,Healthcare Administration,2758.77,7.26279941472
763,Gedeon Richter (UK) Ltd,Miscellaneous,2756.33,5.67329013285
764,Otsuka Pharmaceuticals UK Ltd,Geriatric Psychiatry,2752.54,1.27495151549
765,Ferring Pharma,General Medicine,2749.9,0.921256906789
766,Galen Ltd,Orthopaedic Surgery,2719.4,4.11732046831
767,Otsuka Pharmaceuticals UK Ltd,Genetics,2712.3,1.25631271315
768,Janssen-Cilag Ltd,General Surgery,2711.6,0.135046327973
769,Britannia Pharmaceuticals,Miscellaneous,2708.18,2.78999090326
770,Mundipharma,Psychiatry,2704.26,2.44370353208
771,Genzyme,Healthcare Administration,2696.92,0.961175450159
772,Sigma-Tau Pharma Limited,Rheumatology,2682.0,3.75955184796
773,Baxalta UK Ltd,Rheumatology,2682.0,3.22928307146
774,Astellas Pharma Ltd,Hospice & Palliative Medicine,2674.0,0.263418126814
775,Bayer Plc,Accident & Emergency,2672.14,0.339977090154
776,AbbVie Limited,Colorectal Surgery,2666.5,0.305490894366
777,Genzyme,Pathology,2650.96,0.944795422688
778,Chiesi Ltd,Pharmacist,2643.05,1.2547869001
779,Sandoz Ltd,Child & Adolescent Psychiatry,2637.16,2.48670232452
780,Janssen-Cilag Ltd,Anaesthesiology,2625.24,0.130745324549
781,Merz Pharma UK Ltd,Neurology,2606.4,5.13202298463
782,Norgine,Nuclear Medicine,2605.0,1.15404380493
783,Sanofi Aventis,Radiology,2596.18,0.389760997892
784,AstraZeneca,Anaesthesiology,2588.5,0.108886407084
785,Sanofi Pasteur MSD,General Medicine,2578.76,2.89273970301
786,Pfizer Ltd,Immunology,2550.0,0.201178590969
787,Norgine,Colorectal Surgery,2549.0,1.12923518571
788,Sanofi Pasteur MSD,Obstetrics Gynaecology,2542.0,2.85150394959
789,Amgen Ltd,Clinical Pharmacology,2536.47,0.693712104349
790,Mundipharma,Hospice & Palliative Medicine,2530.27,2.28647753401
791,Celgene Ltd,Pathology,2527.1,0.528191508517
792,Janssen-Cilag Ltd,Public Health,2509.65,0.124988573903
793,Eli Lilly & Company Ltd,General Surgery,2504.0,0.425500098558
794,Baxter Healthcare Ltd,Client Specific Specialty,2501.28,1.23931747165
795,RB,Client Specific Specialty,2500.0,7.50773296495
796,Fresenius Medical Care (UK) Ltd,Nephrology,2500.0,89.2857142857
797,Meda Pharma,Venereology,2500.0,19.7822371336
798,Norgine,Healthcare Administration,2492.0,1.10398355543
799,Meda Pharma,Dermatology,2491.6,19.7157688169
800,GlaxoSmithKline plc,Neurophysiology,2488.01,0.182116599509
801,Pierre Fabre Ltd,Dermatology,2482.66,1.79022303407
802,Chugai Pharma UK,Dietetics,2476.58,3.41870407624
803,BioMarin Europe Ltd,Healthcare Administration,2475.0,2.95159386068
804,Alliance Pharmaceuticals Ltd,Miscellaneous,2472.81,10.1737026812
805,Amgen Ltd,Radiology,2470.1,0.675560234874
806,Janssen-Cilag Ltd,Microbiology,2467.95,0.122911780912
807,Sunovion Pharmaceuticals Europe Ltd,Psychiatry,2467.13,11.1096301053
808,Sobi Ltd,Oncology,2463.36,2.50721571586
809,Santen UK Limited,Pharmacist,2447.9,6.4443961212
810,Novartis Pharmaceuticals UK Ltd,Urology,2440.55,0.191274732549
811,Roche Products Limited,Miscellaneous,2434.9,0.303884531416
812,Baxter Healthcare Ltd,Dietetics,2433.82,1.2058928424
813,Sobi Ltd,Immunology,2430.0,2.47326180077
814,AbbVie Limited,Radiology,2428.0,0.278166844748
815,Daiichi Sankyo UK Ltd,Pneumology,2425.0,1.33780555755
816,AstraZeneca,Public Health,2422.78,0.101915321365
817,Biogen Idec Ltd,Miscellaneous,2420.11,1.04909602594
818,Janssen-Cilag Ltd,Physical Therapy,2419.48,0.120497820329
819,Daiichi Sankyo UK Ltd,Nurse,2418.0,1.33394385078
820,Roche Products Limited,Obstetrics Gynaecology,2393.44,0.298710169975
821,Ferring Pharma,Pharmacist,2392.84,0.80163656018
822,Mitsubishi Tanabe Pharma Europe Ltd,Haematology,2388.0,79.9196787149
823,Ipsen Developments Ltd,Pharmacist,2370.53,4.09662981503
824,Grunenthal Ltd,Healthcare Administration,2355.79,1.51994355319
825,Almirall Ltd,Paediatrics,2353.09,2.05889996124
826,Tillotts Pharma UK Ltd,Miscellaneous,2349.08,2.7662791574
827,Pfizer Ltd,Psychiatry,2329.93,0.1838164841
828,Actelion Pharmaceuticals UK Ltd,Psychiatry,2321.64,0.749502409159
829,Servier Laboratories Ltd,Pharmacist,2308.0,1.12328380437
830,Amgen Ltd,Orthopaedic Surgery,2300.28,0.629115297792
831,Merck Sharp & Dohme Ltd,Client Specific Specialty,2300.0,6.83503842777
832,Ipsen Developments Ltd,Psychiatry,2292.29,3.96141941199
833,Novo Nordisk Limited,Biochemistry,2291.05,0.39786042937
834,Octapharma Ltd,Haematology,2237.11,35.080750757
835,Astellas Pharma Ltd,Public Health,2234.7,0.220142291695
836,Sobi Ltd,Laboratory - Medical Analysis,2223.44,2.26302436967
837,Orion Pharma (UK) Ltd,Pharmacist,2220.6,3.75534294182
838,Mundipharma,Rheumatology,2211.08,1.99804161053
839,Amgen Ltd,Mastology,2193.97,0.600040034212
840,Baxter Healthcare Ltd,Orthopaedic Surgery,2193.05,1.08659773444
841,Lundbeck Ltd,Gastroenterology,2182.86,0.477250399633
842,UCB Pharma Ltd,Healthcare Administration,2176.8,0.704701649756
843,Pfizer Ltd,Child & Adolescent Psychiatry,2168.85,0.171108308636
844,Merck Sharp & Dohme Ltd,Diabetes,2167.72,6.4419345655
845,Vifor Pharma UK Ltd,General Medicine,2160.8,2.5998677446
846,Octapharma Ltd,Nurse,2159.54,33.8643537822
847,Bayer Plc,Cardiovascular/Vascular Surgery,2152.55,0.27386951485
848,Janssen-Cilag Ltd,Cardiovascular/Vascular Surgery,2150.0,0.107076856889
849,Mundipharma,Neurology,2150.0,1.9428466915
850,Lundbeck Ltd,Hepatology,2139.0,0.467661052387
851,Bristol-Myers Squibb Pharmaceuticals Ltd,Biochemistry,2133.0,0.782321657803
852,ALK-Abello Ltd,Immunology,2128.8,2.8227038846
853,Ferring Pharma,Oncology,2119.36,0.710016741689
854,Vifor Pharma UK Ltd,Miscellaneous,2114.6,2.54428005032
855,Jazz Pharma,Pneumology,2110.26,1.12092272764
856,Pierre Fabre Ltd,Radiology,2093.8,1.50981970497
857,Chiesi Ltd,Cardiology,2092.08,0.993214119281
858,Takeda UK Ltd,General Surgery,2089.04,0.559998209327
859,Boehringer Ingelheim Ltd,Healthcare Administration,2080.0,0.931000258621
860,Sobi Ltd,Physical Therapy,2079.98,2.11701032114
861,Pfizer Ltd,Radiology,2055.0,0.162126276251
862,Roche Products Limited,Ophthalmology,2049.83,0.255826370296
863,Janssen-Cilag Ltd,Cardiology,2024.26,0.100814603873
864,Sandoz Ltd,General Medicine,2017.7,1.90258432564
865,Sanofi Aventis,Pneumology,2012.0,0.302058843285
866,Sigma-Tau Pharma Limited,Paediatrics,2000.0,2.80354351079
867,Galen Ltd,Forensic Psychiatry,2000.0,3.02810948614
868,Baxalta UK Ltd,Paediatrics,2000.0,2.40811563868
869,Alexion Pharma UK Ltd,Anaesthesiology,1998.6,0.541846778441
870,Lundbeck Ltd,Public Health,1995.15,0.436210354685
871,AbbVie Limited,Diabetes,1990.0,0.227986829098
872,Celgene Ltd,Psychology,1986.1,0.415116598103
873,Teva UK Limited,Physical Medicine & Rehabilitation,1978.12,0.335419932489
874,Eli Lilly & Company Ltd,Public Health,1970.0,0.334758464121
875,Mundipharma,Diabetes,1969.6,1.77982829934
876,Novo Nordisk Limited,Psychology,1954.8,0.339467740701
877,Janssen-Cilag Ltd,Virology,1950.0,0.0971162190391
878,Pfizer Ltd,Laboratory - Medical Analysis,1943.69,0.153344633522
879,A. Menarini Farmaceutica Internazionale S.r.l.,Nurse,1921.45,2.71250522151
880,Bristol-Myers Squibb Pharmaceuticals Ltd,Pharmacist,1910.0,0.700531817348
881,AbbVie Limited,Pneumology,1900.0,0.217675866978
882,Bristol-Myers Squibb Pharmaceuticals Ltd,Microbiology,1900.0,0.696864111498
883,Pfizer Ltd,Geriatric Psychiatry,1899.28,0.149840970296
884,Astellas Pharma Ltd,Physical Therapy,1876.75,0.184880317688
885,Teva UK Limited,Psychiatry,1862.75,0.315857217582
886,Gilead,Geriatrics,1860.82,0.191837926241
887,Gilead,Metabolism Disease,1855.42,0.191281222851
888,Bracco UK Ltd,Miscellaneous,1852.03,55.2509971569
889,Gilead,Cardiology,1847.1,0.190423487258
890,Alexion Pharma UK Ltd,Neurology,1841.47,0.499246766284
891,Amgen Ltd,Oral & Maxillofacial Surgery,1838.59,0.502845347248
892,Amdipharm Mercury Company Ltd,Nurse,1825.1,20.8906841811
893,Ferring Pharma,General Surgery,1814.72,0.607957865336
894,Pierre Fabre Ltd,Radiotherapy,1810.44,1.30549144458
895,Sandoz Ltd,Pharmacist,1807.0,1.70390537564
896,AbbVie Limited,Neonatology,1805.25,0.20682071519
897,Consilient Health Ltd,Venereology,1799.0,3.82937056983
898,Teva UK Limited,Fertility/Reproductive,1790.11,0.303540015443
899,Roche Products Limited,Urology,1787.5,0.223086615428
900,Grunenthal Ltd,Client Specific Specialty,1782.9,1.15031788105
901,Shire Pharmaceuticals Ltd,Laboratory - Medical Analysis,1774.66,0.877511914074
902,AbbVie Limited,Microbiology,1770.66,0.202857868749
903,Eli Lilly & Company Ltd,Geriatric Psychiatry,1762.0,0.299413408011
904,AbbVie Limited,Research,1760.0,0.201636592569
905,Ferring Pharma,Rheumatology,1750.0,0.586275714346
906,Eli Lilly & Company Ltd,Gastroenterology,1750.0,0.297374270159
907,Merck Serono Ltd,General Medicine,1745.67,0.6494771948
908,Teva UK Limited,Venereology,1733.21,0.29389176652
909,Alexion Pharma UK Ltd,Rheumatology,1707.5,0.462925735108
910,Allergan Ltd,General Surgery,1695.29,0.606595481118
911,Alexion Pharma UK Ltd,Miscellaneous,1693.0,0.458994594166
912,Profile Pharma Ltd,Physical Therapy,1685.24,5.52895546167
913,GlaxoSmithKline plc,Intensive Care Medicine,1680.0,0.122972129201
914,Eli Lilly & Company Ltd,Podiatry,1679.0,0.285309371198
915,Shire Pharmaceuticals Ltd,Colorectal Surgery,1674.6,0.82803548359
916,Aegerion Pharmaceuticals Limited,Diabetes,1660.0,10.0060397903
917,Biotest UK,Pharmacist,1656.04,5.93449139125
918,Sigma-Tau Pharma Limited,Oncology,1650.0,2.3129233964
919,Baxalta UK Ltd,Oncology,1650.0,1.98669540191
920,Sanofi Aventis,Geriatrics,1648.0,0.247412014778
921,Ipsen Developments Ltd,Healthcare Administration,1645.98,2.84449922294
922,Aegerion Pharmaceuticals Limited,General Medicine,1642.0,9.89754056364
923,Chiesi Ltd,Healthcare Administration,1631.2,0.774411528895
924,Amgen Ltd,Paediatrics,1625.18,0.444478758962
925,Stirling Anglian Pharmaceuticals Ltd,Biochemistry,1597.57,3.62467319813
926,Gilead,Dietetics,1589.74,0.163891416076
927,Norgine,Radiology,1585.0,0.702172526226
928,Sobi Ltd,Paediatrics,1581.08,1.60922829957
929,Teva UK Limited,Nephrology,1580.45,0.267989015986
930,Janssen-Cilag Ltd,Pneumology,1577.75,0.0785769818405
931,Pfizer Ltd,Physical Medicine & Rehabilitation,1576.77,0.12439700662
932,Actelion Pharmaceuticals UK Ltd,Biochemistry,1569.38,0.506647925986
933,Grunenthal Ltd,Pain Management,1562.5,1.00811693821
934,Genzyme,Metabolism Disease,1562.38,0.556828270701
935,Profile Pharma Ltd,Psychology,1556.8,5.10756798006
936,Flynn Pharma,Geriatrics,1539.0,1.43732452546
937,Baxter Healthcare Ltd,Gastroenterology,1535.48,0.760789352398
938,Pharma Mar SA,Nurse,1531.0,6.91448618729
939,Novo Nordisk Limited,Dietetics,1530.65,0.265810465165
940,Sanofi Pasteur MSD,General Surgery,1523.0,1.70843450638
941,HRA Pharma UK & Ireland Ltd,Miscellaneous,1512.98,2.97206107794
942,Napp Pharmaceuticals Ltd,Healthcare Administration,1505.0,1.16540360405
943,Astellas Pharma Ltd,Psychology,1505.0,0.148258893364
944,Aegerion Pharmaceuticals Limited,Cardiology,1500.0,9.04160222014
945,Gilead,Accident & Emergency,1500.0,0.154639830484
946,Bracco UK Ltd,Radiology,1500.0,44.7490028431
947,Shionogi Limited,Oncology,1500.0,13.3195638642
948,Chiesi Ltd,Clinical Pharmacology,1500.0,0.712124382873
949,Vifor Pharma UK Ltd,Healthcare Administration,1498.7,1.80323111294
950,Pfizer Ltd,Accident & Emergency,1494.97,0.117943512996
951,Novo Nordisk Limited,Laboratory - Medical Analysis,1485.0,0.25788295219
952,Takeda UK Ltd,Pneumology,1472.04,0.394602192422
953,Roche Products Limited,Radiology,1467.0,0.183087029277
954,Profile Pharma Ltd,Pharmacist,1462.9,4.7994997418
955,Aguettant Ltd,Anaesthesiology,1459.51,100.0
956,Stirling Anglian Pharmaceuticals Ltd,Rheumatology,1453.13,3.29695810787
957,Alliance Pharmaceuticals Ltd,Dermatology,1450.0,5.96562974422
958,Meda Pharma,Ear-Nose-Throat Diseases,1450.0,11.4736975375
959,Biogen Idec Ltd,Pneumology,1444.52,0.626186492098
960,Baxter Healthcare Ltd,Obstetrics Gynaecology,1443.98,0.715453544869
961,Allergan Ltd,Plastic Surgery,1441.2,0.515678973737
962,AstraZeneca,Cardiothoracic/ Thoracic Surgery,1425.0,0.059943260612
963,Profile Pharma Ltd,Pneumology,1424.6,4.67384464568
964,Roche Products Limited,Client Specific Specialty,1419.5,0.177158853483
965,Accretio,Gastroenterology,1400.0,84.8484848485
966,Alexion Pharma UK Ltd,Pharmacist,1398.0,0.379016209477
967,Sobi Ltd,Metabolism Disease,1396.7,1.42156574368
968,Pfizer Ltd,Plastic Surgery,1393.42,0.109931871462
969,Novartis Pharmaceuticals UK Ltd,Anaesthesiology,1387.5,0.108743394485
970,Roche Products Limited,Speech And Language,1386.1,0.172990409871
971,A. Menarini Farmaceutica Internazionale S.r.l.,Miscellaneous,1381.52,1.95028765444
972,Chiesi Ltd,Hepatology,1375.18,0.652866139226
973,Astellas Pharma Ltd,Pneumology,1366.9,0.134654539096
974,Chiesi Ltd,Physical Therapy,1359.0,0.645184690883
975,Merck Serono Ltd,Healthcare Administration,1348.68,0.501776912637
976,Baxter Healthcare Ltd,Plastic Surgery,1347.33,0.667566049812
977,ALK-Abello Ltd,Colorectal Surgery,1342.78,1.78047271804
978,Sobi Ltd,Orthopaedic Surgery,1333.1,1.35683345951
979,Novo Nordisk Limited,Physical Therapy,1326.92,0.230431008027
980,A. Menarini Farmaceutica Internazionale S.r.l.,Diabetes,1318.0,1.86061666031
981,Napp Pharmaceuticals Ltd,Haematology,1312.1,1.01603061055
982,Actavis,Dietetics,1304.1,12.0908860809
983,Pfizer Ltd,Nephrology,1300.0,0.102561634612
984,Merck Sharp & Dohme Ltd,Pharmacist,1295.85,3.85094980288
985,AstraZeneca,Metabolism Disease,1293.52,0.0544124957662
986,GlaxoSmithKline plc,Accident & Emergency,1293.5,0.0946812197155
987,Eli Lilly & Company Ltd,Psychology,1283.0,0.218017822065
988,Merz Pharma UK Ltd,Miscellaneous,1274.21,2.50892994446
989,Amdipharm Mercury Company Ltd,Pneumology,1271.33,14.552053871
990,Octapharma Ltd,Miscellaneous,1270.0,19.9152269944
991,Janssen-Cilag Ltd,Research,1263.65,0.0629338000968
992,Roche Products Limited,Radiotherapy,1262.54,0.157569664583
993,Takeda UK Ltd,Psychiatry,1262.1,0.338324656297
994,Chiesi Ltd,Speech And Language,1260.2,0.598279431531
995,Actavis,Physical Therapy,1256.56,11.6501217804
996,Novo Nordisk Limited,Podiatry,1250.0,0.217073192079
997,Sandoz Ltd,Cardiothoracic/ Thoracic Surgery,1249.0,1.17774090436
998,BioMarin Europe Ltd,Plastic Surgery,1246.0,1.48593371734
999,Galen Ltd,General Medicine,1243.72,1.88306016505
1000,Merck Sharp & Dohme Ltd,Nephrology,1243.4,3.69508120917
1001,Novo Nordisk Limited,General Surgery,1242.5,0.215770752927
1002,Celgene Ltd,Client Specific Specialty,1241.0,0.2593825579
1003,Amgen Ltd,Geriatrics,1232.88,0.33718663308
1004,Allergan Ltd,Physical Therapy,1232.29,0.440928422528
1005,PTC Therapeutics Limited,Pneumology,1232.28,77.2783143108
1006,Ipsen Developments Ltd,Child Surgery,1230.55,2.12657414962
1007,Sandoz Ltd,General Surgery,1230.24,1.16005121711
1008,Bayer Plc,Physical Therapy,1230.0,0.156493230478
1009,UCB Pharma Ltd,Cardiothoracic/ Thoracic Surgery,1229.9,0.398159021975
1010,Alexion Pharma UK Ltd,Metabolism Disease,1221.5,0.331164735247
1011,AbbVie Limited,Physical Medicine & Rehabilitation,1215.6,0.139266728367
1012,Bayer Plc,Urology,1206.0,0.15343970403
1013,Baxter Healthcare Ltd,Geriatrics,1204.9,0.596995786792
1014,Janssen-Cilag Ltd,Neurology,1200.48,0.0597877326318
1015,Bayer Plc,Geriatric Psychiatry,1200.0,0.152676322418
1016,Baxalta UK Ltd,Pharmacist,1200.0,1.44486938321
1017,AstraZeneca,Intensive Care Medicine,1200.0,0.0504785352522
1018,CSL Behring,Anaesthesiology,1200.0,6.77348834085
1019,Sigma-Tau Pharma Limited,Obstetrics Gynaecology,1200.0,1.68212610647
1020,Sigma-Tau Pharma Limited,Pharmacist,1200.0,1.68212610647
1021,Sandoz Ltd,Hepatology,1200.0,1.13153649738
1022,Lundbeck Ltd,Microbiology,1200.0,0.262362441732
1023,Teva UK Limited,Intensive Care Medicine,1200.0,0.203478008911
1024,Baxalta UK Ltd,Obstetrics Gynaecology,1200.0,1.44486938321
1025,A. Menarini Farmaceutica Internazionale S.r.l.,Physiology,1188.12,1.67726545254
1026,Astellas Pharma Ltd,Laboratory - Medical Analysis,1178.98,0.116142372158
1027,AstraZeneca,Accident & Emergency,1178.63,0.0495795966703
1028,AstraZeneca,Ear-Nose-Throat Diseases,1162.38,0.0488960331721
1029,Norgine,Psychiatry,1151.0,0.509905727247
1030,Sanofi Aventis,Anaesthesiology,1149.68,0.172599906037
1031,Merck Serono Ltd,Metabolism Disease,1137.0,0.423021287235
1032,Mundipharma,Anaesthesiology,1135.49,1.0260851115
1033,Eli Lilly & Company Ltd,Venereology,1125.0,0.191169173673
1034,Baxter Healthcare Ltd,Oncology,1112.61,0.551268555351
1035,Sunovion Pharmaceuticals Europe Ltd,Neurology,1110.31,4.99979060779
1036,Janssen-Cilag Ltd,Substance Abuse,1108.48,0.0552058392207
1037,Novartis Pharmaceuticals UK Ltd,Radiotherapy,1101.94,0.0863630242301
1038,Gilead,General Medicine,1100.0,0.113402542355
1039,AstraZeneca,Orthopaedic Surgery,1100.0,0.0462719906479
1040,Astellas Pharma Ltd,Client Specific Specialty,1100.0,0.108361981861
1041,Amdipharm Mercury Company Ltd,Microbiology,1100.0,12.5909553445
1042,Meda Pharma,Nurse,1100.0,8.7041843388
1043,Merz Pharma UK Ltd,Nurse,1095.09,2.15624119484
1044,Baxter Healthcare Ltd,Laboratory - Medical Analysis,1089.77,0.539951945035
1045,Orphan Europe UK Ltd,Haematology,1088.78,4.54616247652
1046,Vifor Pharma UK Ltd,Cardiology,1084.42,1.30477072362
1047,Chiesi Ltd,Gastroenterology,1084.4,0.514818453858
1048,Sanofi Aventis,Haematology,1077.2,0.161718581504
1049,Syner-med,Geriatrics,1070.8,9.63870170973
1050,Biogen Idec Ltd,Client Specific Specialty,1065.52,0.461893384003
1051,Teva UK Limited,General Surgery,1064.61,0.180520602555
1052,Sigma-Tau Pharma Limited,Venereology,1050.0,1.47186034316
1053,Takeda UK Ltd,Pathology,1050.0,0.281468100081
1054,Baxalta UK Ltd,Venereology,1050.0,1.26426071031
1055,Roche Products Limited,Hospice & Palliative Medicine,1050.0,0.131043885986
1056,Daiichi Sankyo UK Ltd,Geriatrics,1050.0,0.579256014608
1057,Janssen-Cilag Ltd,Orthopaedic Surgery,1050.0,0.0522933487134
1058,A. Menarini Farmaceutica Internazionale S.r.l.,Psychotherapy,1041.5,1.47028243681
1059,Novartis Pharmaceuticals UK Ltd,Biochemistry,1040.51,0.081548532898
1060,Consilient Health Ltd,Miscellaneous,1035.0,2.20311202878
1061,Sanofi Pasteur MSD,Urology,1020.0,1.14419119929
1062,AstraZeneca,Colorectal Surgery,1016.2,0.0427469062694
1063,CSL Behring,Miscellaneous,1004.0,5.66715191185
1064,Novo Nordisk Limited,Pharmacist,1003.65,0.174292407384
1065,Flynn Pharma,General Medicine,1001.1,0.9349613921
1066,Galen Ltd,Radiology,1000.0,1.51405474307
1067,Astellas Pharma Ltd,Podiatry,1000.0,0.0985108926006
1068,A. Menarini Farmaceutica Internazionale S.r.l.,Haematology,1000.0,1.41169701086
1069,Pfizer Ltd,Fertility/Reproductive,1000.0,0.0788935650858
1070,AstraZeneca,Podiatry,1000.0,0.0420654460435
1071,Orphan Europe UK Ltd,Ophthalmology,1000.0,4.17546471878
1072,Rosemont Pharmaceuticals Ltd,Paediatrics,1000.0,60.4532786836
1073,Pierre Fabre Ltd,Haematology,1000.0,0.721090698716
1074,Leo Pharma Laboratories Ltd,Obstetrics Gynaecology,1000.0,0.307516493416
1075,ApoPharma Inc,Laboratory - Medical Analysis,1000.0,50.0
1076,Gilead,Anaesthesiology,1000.0,0.103093220323
1077,ApoPharma Inc,Nurse,1000.0,50.0
1078,Guerbet Laboratories Ltd,Cardiology,1000.0,22.7130770541
1079,Astellas Pharma Ltd,Radiology,1000.0,0.0985108926006
1080,Sandoz Ltd,Dermatology,1000.0,0.94294708115
1081,Allergan Ltd,Healthcare Administration,1000.0,0.357812221577
1082,Shire Pharmaceuticals Ltd,Hepatology,997.39,0.493177063763
1083,Jazz Pharma,Virology,992.99,0.527453991127
1084,Mundipharma,Colorectal Surgery,990.0,0.894613127716
1085,Mundipharma,Pharmacist,981.67,0.887085726348
1086,Lundbeck Ltd,Forensic Psychiatry,976.26,0.213444964471
1087,UCB Pharma Ltd,Orthopaedic Surgery,972.64,0.314875511126
1088,Baxalta UK Ltd,Laboratory - Medical Analysis,971.45,1.1696819686
1089,Baxter Healthcare Ltd,Radiology,969.68,0.480450555678
1090,HRA Pharma UK & Ireland Ltd,Nurse,967.2,1.89994413316
1091,Novartis Pharmaceuticals UK Ltd,Pathology,965.0,0.0756305410295
1092,Merck Sharp & Dohme Ltd,Gastroenterology,961.0,2.85585736047
1093,Sobi Ltd,Nephrology,959.84,0.976928233271
1094,Ipsen Developments Ltd,Physical Medicine & Rehabilitation,946.4,1.63552051944
1095,Actelion Pharmaceuticals UK Ltd,Orthopaedic Surgery,944.38,0.304877192485
1096,Merck Sharp & Dohme Ltd,Microbiology,932.4,2.7708651435
1097,Dermal,Miscellaneous,926.98,1.53484258914
1098,Besins Healthcare (UK) Ltd,HIV Medicine,915.0,1.91096251318
1099,Vifor Pharma UK Ltd,Pharmacist,912.28,1.09765241857
1100,Pfizer Ltd,Gastroenterology,911.31,0.0718964947984
1101,Bayer Plc,Orthopaedic Surgery,907.1,0.115410576721
1102,Novartis Pharmaceuticals UK Ltd,Genetics,905.35,0.0709555547368
1103,Vifor Fresenius Medical Care Renal Pharma,Healthcare Administration,904.4,83.3087693441
1104,Biotest UK,Healthcare Administration,900.0,3.22518915734
1105,Takeda UK Ltd,Cardiology,900.0,0.241258371498
1106,Amdipharm Mercury Company Ltd,General Medicine,900.0,10.3016907364
1107,Pfizer Ltd,Hospice & Palliative Medicine,900.0,0.0710042085772
1108,Bio Products Laboratory Ltd,Nurse,889.48,54.4710767083
1109,Janssen-Cilag Ltd,Pathology,886.4,0.0441455469519
1110,AstraZeneca,Mastology,881.4,0.0370764841428
1111,Baxter Healthcare Ltd,Pneumology,878.33,0.435189069145
1112,Novartis Pharmaceuticals UK Ltd,Radiology,875.0,0.0685769154412
1113,Flynn Pharma,Client Specific Specialty,873.3,0.81560461864
1114,Merck Serono Ltd,Pathology,866.73,0.322467229802
1115,Servier Laboratories Ltd,Microbiology,862.0,0.419528006658
1116,Pfizer Ltd,Ophthalmology,858.0,0.0676906788436
1117,Ferring Pharma,Genetics,855.49,0.286601720495
1118,Sandoz Ltd,Client Specific Specialty,853.9,0.805182512594
1119,Gilead,Radiology,846.71,0.0872900605795
1120,Servier Laboratories Ltd,Dietetics,845.0,0.411254252466
1121,Syner-med,Miscellaneous,839.6,7.55757747057
1122,Sanofi Aventis,Wholesaler,837.5,0.12573274416
1123,Britannia Pharmaceuticals,Client Specific Specialty,834.3,0.859503212706
1124,Norgine,Oral & Maxillofacial Surgery,831.0,0.368142188829
1125,Janssen-Cilag Ltd,Immunology,830.0,0.0413366470782
1126,Teva UK Limited,Infectious Diseases,824.0,0.139721566119
1127,Teva UK Limited,Biochemistry,824.0,0.139721566119
1128,Allergan Ltd,Dermatology,819.6,0.293262896805
1129,Bristol-Myers Squibb Pharmaceuticals Ltd,Neurology,810.0,0.297084173849
1130,Bristol-Myers Squibb Pharmaceuticals Ltd,Accident & Emergency,810.0,0.297084173849
1131,AstraZeneca,Psychology,809.81,0.0340650188605
1132,Besins Healthcare (UK) Ltd,Fertility/Reproductive,803.0,1.67705234763
1133,Merck Serono Ltd,Laboratory - Medical Analysis,801.34,0.298138855156
1134,Takeda UK Ltd,Geriatrics,800.0,0.214451885776
1135,Chiesi Ltd,Biochemistry,800.0,0.379799670866
1136,Sigma-Tau Pharma Limited,Orthopaedic Surgery,796.0,1.11581031729
1137,Baxalta UK Ltd,Orthopaedic Surgery,796.0,0.958430024193
1138,AstraZeneca,Infectious Diseases,795.4,0.033458855783
1139,Actelion Pharmaceuticals UK Ltd,Research,793.93,0.256306941517
1140,Gedeon Richter (UK) Ltd,Nurse,786.2,1.61821723177
1141,UCB Pharma Ltd,Anaesthesiology,781.68,0.25305548768
1142,Gedeon Richter (UK) Ltd,Family Planning,781.4,1.60833750306
1143,Gedeon Richter (UK) Ltd,Fertility/Reproductive,781.3,1.60813167538
1144,Astellas Pharma Ltd,Speech And Language,778.5,0.0766907298896
1145,Janssen-Cilag Ltd,Occupational Therapist,763.22,0.0380107901
1146,Jazz Pharma,Hepatology,760.0,0.403694934749
1147,AbbVie Limited,Ophthalmology,750.0,0.0859246843333
1148,Roche Products Limited,Neurosurgery,750.0,0.0936027757042
1149,Gilead,Intensive Care Medicine,750.0,0.0773199152421
1150,Lundbeck Ltd,Neurology,750.0,0.163976526083
1151,Syner-med,Obstetrics Gynaecology,750.0,6.75105181387
1152,Celgene Ltd,Paediatrics,750.0,0.156758193735
1153,Takeda UK Ltd,Colorectal Surgery,744.0,0.199440253772
1154,Bio Products Laboratory Ltd,Laboratory - Medical Analysis,743.46,45.5289232917
1155,Amgen Ltd,Neurology,740.0,0.202386370514
1156,Lundbeck Ltd,Speech And Language,739.64,0.161711463669
1157,Sunovion Pharmaceuticals Europe Ltd,General Medicine,729.6,3.28543130067
1158,Santen UK Limited,Miscellaneous,725.0,1.90865116544
1159,Dermal,Geriatrics,720.0,1.19213646916
1160,Eli Lilly & Company Ltd,Physical Therapy,720.0,0.122348271151
1161,Jazz Pharma,Transplant Surgery,706.58,0.375319430257
1162,Norgine,Transplant Surgery,705.0,0.312322795577
1163,Orion Pharma (UK) Ltd,Intensive Care Medicine,701.35,1.18608023608
1164,Meda Pharma,Pneumology,700.0,5.53902639742
1165,Napp Pharmaceuticals Ltd,Oncology,700.0,0.542048187929
1166,Leo Pharma Laboratories Ltd,Cardiovascular/Vascular Surgery,698.98,0.214947878568
1167,Astellas Pharma Ltd,Paediatrics,672.4,0.0662387241846
1168,Baxalta UK Ltd,Neurology,671.3,0.808284014122
1169,Genzyme,Anaesthesiology,666.23,0.237442682823
1170,Teva UK Limited,Ophthalmology,663.7,0.112540295428
1171,Pfizer Ltd,Intensive Care Medicine,657.75,0.0518922424352
1172,Baxter Healthcare Ltd,Cardiology,656.67,0.325362456065
1173,Rosemont Pharmaceuticals Ltd,Pharmacist,654.17,39.5467213164
1174,Daiichi Sankyo UK Ltd,Miscellaneous,650.0,0.358587056662
1175,AbbVie Limited,Laboratory - Medical Analysis,650.0,0.0744680597556
1176,Pfizer Ltd,Venereology,650.0,0.0512808173058
1177,Almirall Ltd,Geriatrics,650.0,0.568735141794
1178,Amdipharm Mercury Company Ltd,Pharmacist,640.0,7.32564674587
1179,AstraZeneca,Physiology,630.0,0.0265012310074
1180,AstraZeneca,Psychiatry,625.0,0.0262909037772
1181,Sanofi Pasteur MSD,Immunology,625.0,0.701097548582
1182,Mundipharma,Oncology,624.0,0.563877365348
1183,Roche Products Limited,Colorectal Surgery,619.3,0.0772909319915
1184,Janssen-Cilag Ltd,Genetics,616.36,0.0306966937266
1185,CEB Pharma Limited,Pharmacist,615.9,4.75825896703
1186,Leo Pharma Laboratories Ltd,Anaesthesiology,613.5,0.188661368711
1187,CSL Behring,Haematology,612.0,3.45447905383
1188,Merck Serono Ltd,Neurosurgery,609.9,0.226913529538
1189,BioMarin Europe Ltd,Pharmacist,601.0,0.716730468797
1190,Sobi Ltd,Hepatology,600.92,0.611618305069
1191,Merck Sharp & Dohme Ltd,Pathology,600.0,1.7830535029
1192,Otsuka Pharmaceuticals UK Ltd,General Medicine,600.0,0.277914547761
1193,Janssen-Cilag Ltd,Obstetrics Gynaecology,600.0,0.0298819135505
1194,STD Pharmaceutical Products Ltd,Miscellaneous,600.0,100.0
1195,Otsuka Pharmaceuticals UK Ltd,Pneumology,595.45,0.275807029107
1196,GlaxoSmithKline plc,Immunology,587.55,0.0430073062573
1197,Servier Laboratories Ltd,Clinical Pharmacology,586.0,0.2852011739
1198,Sanofi Aventis,Colorectal Surgery,585.0,0.0878252601001
1199,Novartis Pharmaceuticals UK Ltd,Physical Therapy,585.0,0.0458485663236
1200,Baxter Healthcare Ltd,Diabetes,580.16,0.287453793398
1201,Ferring Pharma,Hepatology,580.0,0.194308522469
1202,BGP Products Ltd,Obstetrics Gynaecology,577.44,9.37742072211
1203,Astellas Pharma Ltd,Cardiology,572.0,0.0563482305675
1204,UCB Pharma Ltd,Dermatology,564.88,0.182870207605
1205,AbbVie Limited,Obstetrics Gynaecology,561.4,0.0643174903796
1206,Actavis,Microbiology,558.4,5.17717259993
1207,Dermal,Anaesthesiology,557.63,0.923293137913
1208,CEB Pharma Limited,General Medicine,557.0,4.3032152048
1209,RB,Healthcare Administration,550.0,1.65170125229
1210,Roche Products Limited,Public Health,550.0,0.0686420355164
1211,GlaxoSmithKline plc,Client Specific Specialty,550.0,0.0402587327743
1212,Janssen-Cilag Ltd,Cardiothoracic/ Thoracic Surgery,550.0,0.0273917540879
1213,GlaxoSmithKline plc,Radiology,547.0,0.0400391396864
1214,Ferring Pharma,Laboratory - Medical Analysis,541.25,0.18132670308
1215,Amgen Ltd,Accident & Emergency,539.48,0.147545134007
1216,Astellas Pharma Ltd,HIV Medicine,537.5,0.0529496047728
1217,Shire Pharmaceuticals Ltd,Obstetrics Gynaecology,536.0,0.265034646605
1218,Shire Pharmaceuticals Ltd,Physical Therapy,525.46,0.259822957845
1219,Grunenthal Ltd,Neurosurgery,525.0,0.338727291238
1220,Bristol-Myers Squibb Pharmaceuticals Ltd,Mastology,525.0,0.192554557125
1221,Astellas Pharma Ltd,Child Surgery,521.15,0.0513389516788
1222,Baxter Healthcare Ltd,Child Surgery,515.18,0.255257937953
1223,Gilead,General Surgery,510.73,0.0526528004155
1224,Novo Nordisk Limited,Client Specific Specialty,510.46,0.0886457453029
1225,Leo Pharma Laboratories Ltd,Geriatrics,509.8,0.156771908344
1226,Sanofi Aventis,Podiatry,505.0,0.0758149681206
1227,Genzyme,Orthopaedic Surgery,500.0,0.178198732287
1228,Sanofi Aventis,Cardiovascular/Vascular Surgery,500.0,0.0750643248719
1229,Genzyme,Radiology,500.0,0.178198732287
1230,Shire Pharmaceuticals Ltd,General Surgery,500.0,0.247233812131
1231,Teva UK Limited,Ear-Nose-Throat Diseases,500.0,0.0847825037128
1232,Lundbeck Ltd,Physiology,500.0,0.109317684055
1233,Gilead,Psychiatry,500.0,0.0515466101614
1234,Pfizer Ltd,Radiotherapy,500.0,0.0394467825429
1235,Almirall Ltd,Dietetics,500.0,0.437488570611
1236,Allergan Ltd,Dietetics,500.0,0.178906110789
1237,A. Menarini Farmaceutica Internazionale S.r.l.,Pharmacist,500.0,0.705848505429
1238,RB,Pharmacist,500.0,1.50154659299
1239,AstraZeneca,Virology,500.0,0.0210327230218
1240,Astellas Pharma Ltd,Pathology,500.0,0.0492554463003
1241,BGP Products Ltd,Oncology,500.0,8.11982259812
1242,Teva UK Limited,Paediatrics,500.0,0.0847825037128
1243,UCB Pharma Ltd,Physical Therapy,500.0,0.161866420837
1244,Shire Pharmaceuticals Ltd,Dietetics,500.0,0.247233812131
1245,Vifor Pharma UK Ltd,Haematology,500.0,0.601598422946
1246,Ipsen Developments Ltd,Hospice & Palliative Medicine,500.0,0.864074661581
1247,Boehringer Ingelheim Ltd,Nephrology,500.0,0.223798139092
1248,Novo Nordisk Limited,Metabolism Disease,500.0,0.0868292768316
1249,Novo Nordisk Limited,Pneumology,500.0,0.0868292768316
1250,Janssen-Cilag Ltd,Intensive Care Medicine,500.0,0.0249015946254
1251,Pfizer Ltd,Nuclear Medicine,493.0,0.0388945275873
1252,Orion Pharma (UK) Ltd,Paediatrics,490.73,0.829892570404
1253,Jazz Pharma,Intensive Care Medicine,480.2,0.255071457456
1254,Merck Serono Ltd,Pharmacist,474.42,0.176508143439
1255,GlaxoSmithKline plc,Substance Abuse,470.0,0.034402917098
1256,Merck Serono Ltd,Miscellaneous,466.68,0.173628473462
1257,Otsuka Pharmaceuticals UK Ltd,Accident & Emergency,457.49,0.211905210759
1258,Eli Lilly & Company Ltd,Orthopaedic Surgery,452.0,0.0768075257781
1259,Eli Lilly & Company Ltd,Hospice & Palliative Medicine,450.0,0.0764676694693
1260,BGP Products Ltd,Healthcare Administration,450.0,7.3078403383
1261,Pfizer Ltd,Occupational Therapist,450.0,0.0355021042886
1262,Baxter Healthcare Ltd,Neurosurgery,450.0,0.222962987847
1263,Grunenthal Ltd,Pharmacist,447.56,0.288763402794
1264,Ipsen Developments Ltd,General Surgery,444.65,0.768421596544
1265,Baxter Healthcare Ltd,Colorectal Surgery,435.81,0.21593222163
1266,Baxter Healthcare Ltd,Transplant Surgery,433.98,0.215025505479
1267,Amgen Ltd,General Surgery,420.8,0.115086736098
1268,UCB Pharma Ltd,Geriatric Psychiatry,420.0,0.135967793503
1269,Otsuka Pharmaceuticals UK Ltd,Substance Abuse,414.7,0.192085271594
1270,Octapharma Ltd,Immunology,410.38,6.43528413697
1271,Astellas Pharma Ltd,Fertility/Reproductive,405.9,0.0399855713066
1272,AstraZeneca,Ophthalmology,400.0,0.0168261784174
1273,Pfizer Ltd,Forensic Psychiatry,400.0,0.0315574260343
1274,Shire Pharmaceuticals Ltd,Dermatology,400.0,0.197787049705
1275,A. Menarini Farmaceutica Internazionale S.r.l.,Family Planning,400.0,0.564678804343
1276,Boehringer Ingelheim Ltd,Orthopaedic Surgery,400.0,0.179038511273
1277,Grunenthal Ltd,Orthopaedic Surgery,400.0,0.258077936182
1278,Alliance Pharmaceuticals Ltd,Urology,400.0,1.64569096392
1279,Besins Healthcare (UK) Ltd,Biochemistry,400.0,0.835393448385
1280,Lundbeck Ltd,Geriatrics,400.0,0.087454147244
1281,Bristol-Myers Squibb Pharmaceuticals Ltd,Pneumology,400.0,0.146708234
1282,Sanofi Aventis,Paediatrics,400.0,0.0600514598975
1283,Celgene Ltd,Radiology,400.0,0.0836043699921
1284,UCB Pharma Ltd,Gastroenterology,400.0,0.12949313667
1285,Vifor Pharma UK Ltd,Nephrology,400.0,0.481278738357
1286,Ferring Pharma,Anaesthesiology,400.0,0.134005877565
1287,Janssen-Cilag Ltd,Physical Medicine & Rehabilitation,396.73,0.0197584192715
1288,Pfizer Ltd,Research,396.11,0.0312505300661
1289,ALK-Abello Ltd,General Medicine,392.1,0.519908959579
1290,Sanofi Aventis,Client Specific Specialty,376.0,0.0564483723037
1291,Roche Products Limited,Gastroenterology,375.0,0.0468013878521
1292,Shionogi Limited,Healthcare Administration,375.0,3.32989096605
1293,Bristol-Myers Squibb Pharmaceuticals Ltd,Virology,375.0,0.137538969375
1294,BioMarin Europe Ltd,Nurse,372.0,0.443633501485
1295,Servier Laboratories Ltd,Oncology,366.0,0.178129060832
1296,Eli Lilly & Company Ltd,Biochemistry,366.0,0.0621937045017
1297,PTC Therapeutics Limited,Paediatrics,362.32,22.7216856892
1298,Takeda UK Ltd,Client Specific Specialty,362.0,0.0970394783136
1299,Meda Pharma,Geriatrics,361.0,2.8565550421
1300,Britannia Pharmaceuticals,Pharmacist,357.61,0.368412973626
1301,Eli Lilly & Company Ltd,Mastology,356.0,0.060494422958
1302,AstraZeneca,Geriatric Psychiatry,354.7,0.0149206137116
1303,BGP Products Ltd,General Medicine,350.0,5.68387581868
1304,A. Menarini Farmaceutica Internazionale S.r.l.,Anaesthesiology,350.0,0.494093953801
1305,Celgene Ltd,Research,350.0,0.0731538237431
1306,RB,Dermatology,350.0,1.05108261509
1307,Celgene Ltd,Urology,350.0,0.0731538237431
1308,Mitsubishi Tanabe Pharma Europe Ltd,Pharmacist,350.0,11.7135207497
1309,Pierre Fabre Ltd,Urology,350.0,0.252381744551
1310,Pierre Fabre Ltd,Mastology,350.0,0.252381744551
1311,Eli Lilly & Company Ltd,Miscellaneous,350.0,0.0594748540317
1312,Pierre Fabre Ltd,General Surgery,350.0,0.252381744551
1313,Teva UK Limited,Physical Therapy,350.0,0.059347752599
1314,Gilead,Miscellaneous,349.4,0.0360207711808
1315,Janssen-Cilag Ltd,Speech And Language,344.59,0.0171616809839
1316,Napp Pharmaceuticals Ltd,Geriatric Psychiatry,340.0,0.263280548423
1317,A. Menarini Farmaceutica Internazionale S.r.l.,Obstetrics Gynaecology,331.75,0.468330483352
1318,Astellas Pharma Ltd,Occupational Therapist,331.5,0.0326563608971
1319,Otsuka Pharmaceuticals UK Ltd,Psychology,325.5,0.15076864216
1320,Otsuka Pharmaceuticals UK Ltd,Miscellaneous,324.0,0.150073855791
1321,CEB Pharma Limited,Miscellaneous,320.4,2.47531445533
1322,Merck Serono Ltd,Genetics,320.0,0.119056123056
1323,Biotest UK,Laboratory - Medical Analysis,318.1,1.13992518995
1324,Orphan Europe UK Ltd,Laboratory - Medical Analysis,317.2,1.3244574088
1325,Sunovion Pharmaceuticals Europe Ltd,Geriatric Psychiatry,313.95,1.41373513822
1326,Pfizer Ltd,Psychotherapy,310.0,0.0244570051766
1327,Otsuka Pharmaceuticals UK Ltd,Child & Adolescent Psychiatry,308.0,0.142662801184
1328,Jazz Pharma,Healthcare Administration,307.5,0.16333709531
1329,Jazz Pharma,Dermatology,307.0,0.163071506537
1330,Novo Nordisk Limited,Anaesthesiology,306.5,0.0532263466978
1331,Astellas Pharma Ltd,Dermatology,301.6,0.0297108852083
1332,Novartis Pharmaceuticals UK Ltd,Geriatrics,300.0,0.0235120852941
1333,Orion Pharma (UK) Ltd,Healthcare Administration,300.0,0.507341656555
1334,Orion Pharma (UK) Ltd,General Medicine,300.0,0.507341656555
1335,Octapharma Ltd,Paediatrics,300.0,4.70438432938
1336,Bayer Plc,Hospice & Palliative Medicine,300.0,0.0381690806044
1337,Grunenthal Ltd,Geriatrics,300.0,0.193558452136
1338,GlaxoSmithKline plc,Anaesthesiology,300.0,0.021959308786
1339,RB,Speech And Language,300.0,0.900927955794
1340,Chiesi Ltd,Hospice & Palliative Medicine,300.0,0.142424876575
1341,AstraZeneca,Client Specific Specialty,300.0,0.0126196338131
1342,Roche Products Limited,Hepatology,300.0,0.0374411102817
1343,Fresenius Medical Care (UK) Ltd,Nurse,300.0,10.7142857143
1344,Sanofi Pasteur MSD,Microbiology,300.0,0.336526823319
1345,Jazz Pharma,Anaesthesiology,300.0,0.159353263717
1346,Biotest UK,Psychology,300.0,1.07506305245
1347,GlaxoSmithKline plc,Psychology,300.0,0.021959308786
1348,A. Menarini Farmaceutica Internazionale S.r.l.,HIV Medicine,295.0,0.416450618203
1349,Orion Pharma (UK) Ltd,Accident & Emergency,292.6,0.494827229027
1350,Baxter Healthcare Ltd,Immunology,286.04,0.141725184542
1351,Napp Pharmaceuticals Ltd,Anaesthesiology,286.0,0.221465402497
1352,Actelion Pharmaceuticals UK Ltd,Client Specific Specialty,284.3,0.0917814712547
1353,Eli Lilly & Company Ltd,Laboratory - Medical Analysis,284.0,0.0482595958429
1354,Astellas Pharma Ltd,Physical Medicine & Rehabilitation,273.0,0.02689347368
1355,Roche Products Limited,Nuclear Medicine,267.0,0.0333225881507
1356,Special Products Ltd,Pharmacist,266.2,100.0
1357,Shire Pharmaceuticals Ltd,General Medicine,264.6,0.13083613338
1358,Alcon UK Ltd,Nurse,250.0,0.616648878402
1359,Aegerion Pharmaceuticals Limited,Pathology,250.0,1.50693370336
1360,Accretio,General Medicine,250.0,15.1515151515
1361,Pfizer Ltd,Mastology,250.0,0.0197233912715
1362,Mundipharma,Oral & Maxillofacial Surgery,250.0,0.225912405989
1363,Bristol-Myers Squibb Pharmaceuticals Ltd,Diabetes,250.0,0.0916926462498
1364,Gilead,Neurology,250.0,0.0257733050807
1365,Mitsubishi Tanabe Pharma Europe Ltd,Miscellaneous,250.0,8.36680053548
1366,Sanofi Pasteur MSD,Pathology,250.0,0.280439019433
1367,Leo Pharma Laboratories Ltd,Plastic Surgery,250.0,0.0768791233541
1368,Chugai Pharma UK,Paediatrics,250.0,0.345103335672
1369,Meda Pharma,Cardiology,250.0,1.97822371336
1370,Celgene Ltd,Cardiology,250.0,0.052252731245
1371,Meda Pharma,Paediatrics,250.0,1.97822371336
1372,Meda Pharma,Rheumatology,250.0,1.97822371336
1373,Mundipharma,Pain Management,250.0,0.225912405989
1374,Biotest UK,Paediatrics,250.0,0.89588587704
1375,Boehringer Ingelheim Ltd,Rheumatology,250.0,0.111899069546
1376,Boehringer Ingelheim Ltd,Dermatology,250.0,0.111899069546
1377,Sobi Ltd,Dietetics,244.96,0.249321074369
1378,GlaxoSmithKline plc,Hepatology,239.0,0.0174942493328
1379,Merck Sharp & Dohme Ltd,Rheumatology,235.1,0.698659797552
1380,BioMarin Europe Ltd,Cardiology,232.0,0.27667465684
1381,Orion Pharma (UK) Ltd,Dietetics,231.1,0.390822189433
1382,Merck Serono Ltd,Cardiothoracic/ Thoracic Surgery,230.0,0.0855715884468
1383,Shire Pharmaceuticals Ltd,Forensic Psychiatry,228.9,0.113183639194
1384,Novo Nordisk Limited,Cardiology,225.9,0.0392294672725
1385,Servier Laboratories Ltd,Diabetes,218.0,0.106098730222
1386,UCB Pharma Ltd,Obstetrics Gynaecology,216.99,0.0702467893148
1387,Gilead,Psychology,215.0,0.0221650423694
1388,GlaxoSmithKline plc,Pathology,210.0,0.0153715161502
1389,Novo Nordisk Limited,Accident & Emergency,204.56,0.0355235937373
1390,Novartis Pharmaceuticals UK Ltd,Occupational Therapist,203.5,0.0159490311912
1391,Genzyme,Laboratory - Medical Analysis,202.98,0.0723415573593
1392,Lundbeck Ltd,Anaesthesiology,200.0,0.043727073622
1393,Dermal,Gastroenterology,200.0,0.331149019211
1394,BGP Products Ltd,Gastroenterology,200.0,3.24792903925
1395,Merck Sharp & Dohme Ltd,Geriatrics,200.0,0.594351167633
1396,Alliance Pharmaceuticals Ltd,Paediatrics,200.0,0.822845481961
1397,Santen UK Limited,Nurse,200.0,0.526524459431
1398,Napp Pharmaceuticals Ltd,Rheumatology,200.0,0.154870910837
1399,Alcon UK Ltd,General Medicine,200.0,0.493319102722
1400,Dermal,Venereology,200.0,0.331149019211
1401,Dermal,Urology,200.0,0.331149019211
1402,Leo Pharma Laboratories Ltd,Microbiology,200.0,0.0615032986833
1403,Janssen-Cilag Ltd,Hospice & Palliative Medicine,200.0,0.00996063785016
1404,Teva UK Limited,Mastology,196.3,0.0332856109576
1405,Britannia Pharmaceuticals,General Medicine,191.57,0.197357102311
1406,Janssen-Cilag Ltd,Miscellaneous,190.8,0.00950244850906
1407,AbbVie Limited,Substance Abuse,187.22,0.0214490925345
1408,Merck Sharp & Dohme Ltd,Nurse,185.61,0.551587601121
1409,Vifor Fresenius Medical Care Renal Pharma,Nurse,181.2,16.6912306559
1410,BGP Products Ltd,Dietetics,180.0,2.92313613532
1411,Consilient Health Ltd,Pharmacist,180.0,0.383149918048
1412,Almirall Ltd,Physiology,176.0,0.153995976855
1413,Servier Laboratories Ltd,Radiology,175.0,0.0851709990315
1414,Merz Pharma UK Ltd,Geriatrics,168.8,0.332368584947
1415,CSL Behring,Allergy,165.0,0.931354646867
1416,CSL Behring,Psychiatry,165.0,0.931354646867
1417,Novartis Pharmaceuticals UK Ltd,Ear-Nose-Throat Diseases,157.22,0.0123219001665
1418,Otsuka Pharmaceuticals UK Ltd,Speech And Language,154.8,0.0717019533224
1419,Otsuka Pharmaceuticals UK Ltd,Forensic Psychiatry,154.0,0.0713314005921
1420,Grunenthal Ltd,Rheumatology,150.0,0.0967792260681
1421,Teva UK Limited,Research,150.0,0.0254347511138
1422,A. Menarini Farmaceutica Internazionale S.r.l.,Hospice & Palliative Medicine,150.0,0.211754551629
1423,Dermal,Allergy,150.0,0.248361764408
1424,Almirall Ltd,Hospice & Palliative Medicine,150.0,0.131246571183
1425,Astellas Pharma Ltd,Research,150.0,0.0147766338901
1426,GlaxoSmithKline plc,Hospice & Palliative Medicine,150.0,0.010979654393
1427,Shire Pharmaceuticals Ltd,Geriatric Psychiatry,147.0,0.0726867407666
1428,Astellas Pharma Ltd,Plastic Surgery,142.4,0.0140279511063
1429,Norgine,Pharmacist,142.0,0.062907570173
1430,Norgine,Accident & Emergency,142.0,0.062907570173
1431,Astellas Pharma Ltd,Accident & Emergency,141.4,0.0139294402137
1432,Baxter Healthcare Ltd,Pain Management,141.35,0.0700351518492
1433,Roche Products Limited,Biochemistry,126.0,0.0157252663183
1434,Actavis,Psychology,123.6,1.14595009554
1435,Servier Laboratories Ltd,Paediatrics,115.0,0.0559695136493
1436,Astellas Pharma Ltd,Geriatric Psychiatry,108.0,0.0106391764009
1437,Biotest UK,Hepatology,104.4,0.374121942252
1438,CSL Behring,Paediatrics,100.0,0.564457361738
1439,Boehringer Ingelheim Ltd,Physical Therapy,100.0,0.0447596278183
1440,Bayer Plc,HIV Medicine,100.0,0.0127230268681
1441,Takeda UK Ltd,Obstetrics Gynaecology,96.5,0.0258682587217
1442,AstraZeneca,Radiology,91.0,0.00382795558996
1443,GlaxoSmithKline plc,Research,89.1,0.00652191470943
1444,Teva UK Limited,Dermatology,84.0,0.0142434606237
1445,AbbVie Limited,Geriatrics,81.5,0.00933714903089
1446,BioMarin Europe Ltd,Physical Therapy,80.0,0.0954050540827
1447,Boehringer Ingelheim Ltd,Physiology,75.0,0.0335697208637
1448,Chiesi Ltd,Obstetrics Gynaecology,74.7,0.0354637942671
1449,Novartis Pharmaceuticals UK Ltd,Dietetics,72.75,0.00570168068383
1450,UCB Pharma Ltd,Epilepsy,72.03,0.0233184765858
1451,Sandoz Ltd,Gastroenterology,70.88,0.0668360891119
1452,Amgen Ltd,Research,68.7,0.0187891130464
1453,Amgen Ltd,Plastic Surgery,60.7,0.0166011522841
1454,Lundbeck Ltd,Cardiology,58.8,0.0128557596449
1455,Dermal,Oncology,57.99,0.0960166581203
1456,Sandoz Ltd,Ophthalmology,17.4,0.016407279212
